Ledger Name,Under,Opening Balance,Opening Dr/Cr,GSTIN,State,City
Global Enterprises 0001,Sundry Debtors,0,Dr,03ATBYR4728J7ZA,Punjab,Coimbatore
Royal Distributors 0002,Sundry Creditors,68577.49,Dr,33ZMMTJ9483U5ZY,Tamil Nadu,Indore
Star Retail 0003,Sundry Creditors,32696.63,Dr,,Tamil Nadu,Coimbatore
Star Traders 0004,Sundry Creditors,0,Cr,33LLILE9352Z4ZZ,Tamil Nadu,Bengaluru
Orbit Traders 0005,Sundry Creditors,0,Dr,27GZQDI9655Y5ZT,Maharashtra,Bengaluru
Unity Exports 0006,Sundry Debtors,0,Cr,27EYBSV1955F9ZQ,Maharashtra,Kochi
Ganga Trading Co 0007,Sundry Creditors,0,Cr,,Kerala,Delhi
Shakti Exports 0008,Sundry Debtors,0,Dr,36NFMMR5173Q1ZJ,Telangana,Bhopal
Prime Marketing 0009,Sundry Debtors,0,Cr,08MJKEH9495N5ZI,Rajasthan,Kochi
Aditya Iyer 0010,Sundry Creditors,0,Cr,,Telangana,Pune
Sunrise Retail 0011,Sundry Creditors,0,Dr,,Telangana,Indore
Ishaan Bose 0012,Sundry Debtors,47877.01,Dr,24VUPJT8933G4ZF,Gujarat,Indore
Sneha Reddy 0013,Sundry Debtors,0,Cr,,Delhi,Delhi
Krishna Reddy 0014,Sundry Debtors,0,Dr,27PTVMR2397P9ZQ,Maharashtra,Nagpur
Royal Exports 0015,Sundry Debtors,0,Dr,03EARYF3430B4ZK,Punjab,Kochi
Shakti Traders 0016,Sundry Debtors,0,Cr,23FGEEG9891L3ZL,Madhya Pradesh,Jaipur
Ira Patel 0017,Sundry Debtors,0,Dr,29XKGVP3440H8ZB,Karnataka,Hyderabad
Apex Enterprises 0018,Sundry Debtors,0,Dr,19WVHFV3848U7Z5,West Bengal,Pune
Ishaan Mehta 0019,Sundry Creditors,18968.68,Dr,09AJTTW0377O4ZW,Uttar Pradesh,Ahmedabad
Amit Kumar 0020,Sundry Debtors,82164.17,Dr,,West Bengal,Hyderabad
Aarav Singh 0021,Sundry Creditors,71098.36,Dr,08QLZYK6598I7ZL,Rajasthan,Jaipur
Riya Verma 0022,Sundry Debtors,5866.49,Dr,36RHSDL9357D6ZZ,Telangana,Ahmedabad
Pioneer Trading Co 0023,Sundry Debtors,32798.03,Cr,,West Bengal,Ahmedabad
Aditya Gupta 0024,Sundry Debtors,84310.02,Dr,23QYCXF6938P9Z0,Madhya Pradesh,Nagpur
Sunrise Traders 0025,Sundry Creditors,0,Dr,,Karnataka,Lucknow
Neha Iyer 0026,Sundry Debtors,0,Dr,03EBXQS0259I7ZE,Punjab,Ahmedabad
Global Retail 0027,Sundry Debtors,19870.45,Cr,08SRBLP8273D5ZW,Rajasthan,Lucknow
Metro Solutions 0028,Sundry Debtors,69480.0,Dr,,Telangana,Nagpur
Diya Chowdhury 0029,Sundry Creditors,0,Dr,08AXMII9709V9Z5,Rajasthan,Kochi
Orbit Marketing 0030,Sundry Creditors,29916.15,Cr,29VEQAM3852G6ZI,Karnataka,Surat
Diya Joshi 0031,Sundry Creditors,0,Dr,32ALUMH3696W4ZS,Kerala,Nagpur
Myra Gupta 0032,Sundry Debtors,52904.41,Dr,27UHTXC2007R4Z5,Maharashtra,Bhopal
Everest Industries 0033,Sundry Debtors,39360.21,Dr,,Delhi,Ahmedabad
Deepak Singh 0034,Sundry Creditors,0,Dr,32MZMCU7811K6ZJ,Kerala,Jaipur
Reyansh Rao 0035,Sundry Debtors,0,Cr,33JLEVB6251J6ZN,Tamil Nadu,Kolkata
Reyansh Verma 0036,Sundry Creditors,29217.59,Dr,07YLXNH5351A9Z5,Delhi,Bhopal
Diya Singh 0037,Sundry Creditors,0,Cr,03GJLWB5759C2Z5,Punjab,Ahmedabad
Ananya Gupta 0038,Sundry Creditors,53640.14,Dr,,Gujarat,Surat
Everest Enterprises 0039,Sundry Debtors,58208.91,Cr,,Karnataka,Indore
Zenith Marketing 0040,Sundry Creditors,26153.21,Dr,,Madhya Pradesh,Nagpur
Nova Industries 0041,Sundry Debtors,0,Dr,19YRSNR7265I3ZX,West Bengal,Bengaluru
Prime Agencies 0042,Sundry Creditors,0,Dr,08RGQMP2249Z2Z8,Rajasthan,Coimbatore
Global Retail 0043,Sundry Debtors,0,Cr,23BVEYU8235B2ZT,Madhya Pradesh,Delhi
Crescent Traders 0044,Sundry Debtors,0,Cr,08JQTRW5406X5ZN,Rajasthan,Bengaluru
Vertex & Sons 0045,Sundry Debtors,39037.79,Cr,,Punjab,Lucknow
Crescent Wholesale 0046,Sundry Debtors,0,Cr,27FAXJB6009U1Z7,Maharashtra,Bengaluru
Unity Distributors 0047,Sundry Debtors,29750.96,Cr,29EDTLQ2613R6ZQ,Karnataka,Indore
Metro Industries 0048,Sundry Creditors,0,Cr,27ZURWY4252T3ZZ,Maharashtra,Mumbai
Star Distributors 0049,Sundry Debtors,0,Cr,08CEPOB6238M1ZY,Rajasthan,Delhi
Crescent Enterprises 0050,Sundry Debtors,0,Cr,,Rajasthan,Lucknow
Unity Wholesale 0051,Sundry Debtors,0,Dr,32TURKP0578G7ZN,Kerala,Mumbai
Pioneer Solutions 0052,Sundry Creditors,76781.4,Cr,08XDBWK1474R5ZW,Rajasthan,Ahmedabad
Sai Reddy 0053,Sundry Debtors,0,Cr,23DMNOL0092Z9ZM,Madhya Pradesh,Lucknow
Vivaan Mehta 0054,Sundry Creditors,0,Dr,27TINWX4173A5ZX,Maharashtra,Nagpur
Arjun Menon 0055,Sundry Debtors,0,Dr,27DQYYH2250R7ZV,Maharashtra,Kochi
Metro Solutions 0056,Sundry Debtors,0,Dr,29DDSPZ4879F7Z5,Karnataka,Hyderabad
Sunrise Trading Co 0057,Sundry Creditors,0,Dr,29ANCUD8909P5Z3,Karnataka,Kolkata
Nova Solutions 0058,Sundry Debtors,0,Dr,08AKIAQ4912P5ZN,Rajasthan,Surat
Star Agencies 0059,Sundry Debtors,0,Cr,36XZLUA3663H7ZG,Telangana,Indore
Neha Kulkarni 0060,Sundry Debtors,0,Cr,36XAIBL3606C2ZV,Telangana,Kolkata
Sunrise Trading Co 0061,Sundry Debtors,0,Cr,24TBOWZ0945H7ZM,Gujarat,Surat
Rohan Sharma 0062,Sundry Debtors,0,Dr,08KEAUU4488G7ZX,Rajasthan,Kolkata
Pioneer Distributors 0063,Sundry Debtors,0,Cr,23HNAKB1946C3ZO,Madhya Pradesh,Lucknow
Saanvi Desai 0064,Sundry Debtors,0,Cr,,Gujarat,Kochi
Zenith Industries 0065,Sundry Debtors,0,Dr,32BWXZV3798X3Z2,Kerala,Chennai
Vivaan Patel 0066,Sundry Debtors,0,Cr,27RHFHV0087A4ZI,Maharashtra,Chennai
Metro & Sons 0067,Sundry Creditors,0,Dr,33FVXFJ7330Y7ZK,Tamil Nadu,Kochi
Crescent Trading Co 0068,Sundry Debtors,0,Cr,03RRHXF7779L9ZN,Punjab,Coimbatore
Orbit Traders 0069,Sundry Creditors,0,Cr,23CQCBR7238H1ZQ,Madhya Pradesh,Ahmedabad
Bharat & Sons 0070,Sundry Creditors,84225.62,Dr,36YRFEH2651E9ZT,Telangana,Jaipur
Ananya Desai 0071,Sundry Debtors,0,Dr,07MDAKQ1071A1ZX,Delhi,Jaipur
Neha Singh 0072,Sundry Debtors,0,Dr,27JPUCE1041O8Z7,Maharashtra,Bhopal
Apex Marketing 0073,Sundry Debtors,0,Cr,,Punjab,Hyderabad
Aditya Mehta 0074,Sundry Debtors,0,Cr,,West Bengal,Coimbatore
Ganga Enterprises 0075,Sundry Debtors,0,Dr,23YNNZF9645R2ZM,Madhya Pradesh,Delhi
Aadhya Shah 0076,Sundry Debtors,0,Dr,32BPCTZ4605L6Z5,Kerala,Coimbatore
Unity Retail 0077,Sundry Creditors,0,Dr,33CMWJQ1859M6ZV,Tamil Nadu,Pune
Pari Patel 0078,Sundry Debtors,0,Dr,07VLTIK8486P4ZF,Delhi,Jaipur
Star Distributors 0079,Sundry Debtors,16008.45,Dr,32MFMUH8052O3ZT,Kerala,Hyderabad
Nikhil Bose 0080,Sundry Creditors,0,Cr,,Kerala,Indore
Sneha Das 0081,Sundry Creditors,0,Cr,23NPZMV4889U8ZB,Madhya Pradesh,Delhi
Pioneer Retail 0082,Sundry Debtors,32762.05,Cr,36CKBXI3584C1ZB,Telangana,Bhopal
Crescent Trading Co 0083,Sundry Creditors,82071.57,Cr,32TTWLP4237F8ZH,Kerala,Mumbai
Orbit Traders 0084,Sundry Debtors,32610.5,Dr,29JNTSB5726M1ZP,Karnataka,Bhopal
Metro & Sons 0085,Sundry Debtors,35284.5,Cr,03XLQJF9190M8ZA,Punjab,Jaipur
Zenith Solutions 0086,Sundry Debtors,34926.11,Dr,09ZDFKW7289M4ZA,Uttar Pradesh,Coimbatore
Reyansh Menon 0087,Sundry Debtors,0,Dr,,Madhya Pradesh,Bhopal
Karan Verma 0088,Sundry Creditors,81477.29,Dr,09JORTP8129I2ZS,Uttar Pradesh,Bhopal
Nova Wholesale 0089,Sundry Debtors,6214.73,Cr,33SZYCE9959Y2ZK,Tamil Nadu,Nagpur
Amit Bose 0090,Sundry Debtors,0,Cr,07PYROW8376E1Z3,Delhi,Bhopal
Zenith Trading Co 0091,Sundry Debtors,0,Cr,23OIHPS3309I3ZX,Madhya Pradesh,Jaipur
Apex Distributors 0092,Sundry Creditors,0,Cr,33IYRJJ4688G5Z8,Tamil Nadu,Surat
Global & Sons 0093,Sundry Debtors,83587.55,Cr,09BKNYE8139Y9Z8,Uttar Pradesh,Pune
Apex Retail 0094,Sundry Debtors,85679.47,Cr,08VHLWS8275B4ZT,Rajasthan,Surat
Sai Das 0095,Sundry Creditors,0,Cr,27CJIIZ9589O5ZG,Maharashtra,Lucknow
Metro Exports 0096,Sundry Debtors,0,Cr,,Punjab,Coimbatore
Prime Solutions 0097,Sundry Debtors,0,Dr,29NLEOS3980E9ZO,Karnataka,Lucknow
Royal Wholesale 0098,Sundry Debtors,0,Cr,07EJGQZ4331W8ZT,Delhi,Surat
Everest Distributors 0099,Sundry Debtors,0,Dr,07RJIJV9836M4Z3,Delhi,Indore
Royal Industries 0100,Sundry Debtors,0,Cr,03CAKGF5963G7Z3,Punjab,Delhi
Global Enterprises 0101,Sundry Creditors,0,Dr,,Telangana,Jaipur
Royal Retail 0102,Sundry Debtors,0,Cr,08CRLPL5065N8ZY,Rajasthan,Ahmedabad
Bharat Agencies 0103,Sundry Debtors,0,Cr,29NCSJS4379U1ZP,Karnataka,Bhopal
Saanvi Kumar 0104,Sundry Debtors,0,Dr,03HNEID0919C2ZH,Punjab,Bengaluru
Rohan Menon 0105,Sundry Debtors,24757.77,Cr,08RTFBI0037G4ZX,Rajasthan,Bengaluru
Prime Retail 0106,Sundry Creditors,25716.71,Dr,03EREPI6115U6Z1,Punjab,Coimbatore
Pioneer Traders 0107,Sundry Debtors,0,Cr,36OFFIC2773V6ZI,Telangana,Surat
Bharat Traders 0108,Sundry Debtors,0,Cr,23CPQIJ0212Z7ZD,Madhya Pradesh,Kolkata
Vertex Exports 0109,Sundry Debtors,75343.83,Dr,,Telangana,Kochi
Apex & Sons 0110,Sundry Debtors,0,Dr,07PGEEC3619B9Z1,Delhi,Chennai
Amit Singh 0111,Sundry Debtors,68111.57,Cr,,Punjab,Ahmedabad
Sunrise Exports 0112,Sundry Creditors,0,Dr,03ULGCY4420O3ZT,Punjab,Lucknow
Unity Industries 0113,Sundry Creditors,0,Dr,,Maharashtra,Kolkata
Sunrise Retail 0114,Sundry Debtors,0,Cr,07KDCOC2447C7ZX,Delhi,Chennai
Everest Traders 0115,Sundry Debtors,0,Cr,32BIFUQ5079B5ZD,Kerala,Bhopal
Riya Kulkarni 0116,Sundry Creditors,0,Cr,19XTRMA0110C5ZN,West Bengal,Kochi
Unity & Sons 0117,Sundry Debtors,44139.23,Dr,09UFXGC9244X4Z7,Uttar Pradesh,Indore
Apex & Sons 0118,Sundry Debtors,0,Cr,23ZIUFW5208Z9Z0,Madhya Pradesh,Mumbai
Apex Solutions 0119,Sundry Debtors,0,Dr,27SLHVY6455P4ZD,Maharashtra,Indore
Ira Iyer 0120,Sundry Debtors,46597.03,Cr,03FWYUV8898S5Z7,Punjab,Delhi
Prime Marketing 0121,Sundry Debtors,0,Cr,,Kerala,Hyderabad
Aadhya Reddy 0122,Sundry Debtors,62453.45,Dr,07CLORK9533D4ZD,Delhi,Indore
Nikhil Sharma 0123,Sundry Debtors,0,Cr,32CGINA0534O4ZO,Kerala,Indore
Aadhya Pillai 0124,Sundry Creditors,0,Dr,36BOLQA4502M3ZC,Telangana,Mumbai
Royal Solutions 0125,Sundry Debtors,36336.29,Dr,33TRHGI6749V3ZQ,Tamil Nadu,Bhopal
Aarav Kulkarni 0126,Sundry Debtors,28431.32,Cr,09ACVAG8207E5ZN,Uttar Pradesh,Ahmedabad
Nova Retail 0127,Sundry Debtors,27244.75,Cr,09PKMDT8212U2ZE,Uttar Pradesh,Kochi
Sunrise Exports 0128,Sundry Debtors,0,Dr,,West Bengal,Delhi
Arjun Reddy 0129,Sundry Debtors,0,Cr,03NRPGJ1533B1ZH,Punjab,Bengaluru
Unity Retail 0130,Sundry Debtors,24077.15,Cr,,Tamil Nadu,Surat
Vihaan Reddy 0131,Sundry Debtors,0,Dr,,Madhya Pradesh,Indore
Rahul Mehta 0132,Sundry Creditors,58316.75,Dr,32BNDCY8912H7ZH,Kerala,Hyderabad
Shakti Wholesale 0133,Sundry Creditors,0,Cr,,Delhi,Ahmedabad
Sunrise Trading Co 0134,Sundry Debtors,0,Cr,,Punjab,Coimbatore
Shakti Marketing 0135,Sundry Creditors,0,Dr,07DZWHH9982U9ZE,Delhi,Hyderabad
Riya Singh 0136,Sundry Debtors,0,Cr,32OIPKB4340L4ZX,Kerala,Pune
Rahul Pillai 0137,Sundry Debtors,0,Dr,03VZBFP5679T3Z8,Punjab,Mumbai
Crescent Distributors 0138,Sundry Debtors,76826.59,Cr,09VPKQM6306Q6ZJ,Uttar Pradesh,Indore
Royal Solutions 0139,Sundry Creditors,29900.41,Dr,29VACOQ4453V9ZI,Karnataka,Kochi
Bharat Exports 0140,Sundry Debtors,0,Cr,23NFCOG8172O8Z9,Madhya Pradesh,Ahmedabad
Sunrise Traders 0141,Sundry Creditors,88683.14,Cr,,Tamil Nadu,Indore
Crescent Marketing 0142,Sundry Debtors,0,Dr,24APMDH1918S9ZV,Gujarat,Coimbatore
Ishaan Sharma 0143,Sundry Creditors,0,Dr,07ZMYSZ6395U1ZL,Delhi,Bengaluru
Bharat Trading Co 0144,Sundry Debtors,0,Cr,08VJOJT5432F2Z8,Rajasthan,Lucknow
Neha Kulkarni 0145,Sundry Creditors,3225.6,Cr,36QUHUZ0688A5Z4,Telangana,Ahmedabad
Everest Agencies 0146,Sundry Debtors,72400.21,Dr,,Rajasthan,Indore
Aadhya Kumar 0147,Sundry Creditors,88998.54,Cr,32AZJBX2883P2ZP,Kerala,Surat
Prime Retail 0148,Sundry Debtors,0,Dr,23TUVKX9184G4ZK,Madhya Pradesh,Indore
Ganga Exports 0149,Sundry Debtors,0,Dr,08PXOME6619X1ZC,Rajasthan,Surat
Neha Reddy 0150,Sundry Debtors,0,Cr,,Maharashtra,Delhi
Vivaan Rao 0151,Sundry Debtors,2451.95,Dr,03MQQNK5202O8ZQ,Punjab,Bhopal
Prime Trading Co 0152,Sundry Debtors,75974.43,Dr,32BGNPP9906E8Z1,Kerala,Lucknow
Aadhya Verma 0153,Sundry Debtors,0,Dr,07YEFMD6465D9Z2,Delhi,Ahmedabad
Crescent Enterprises 0154,Sundry Debtors,14579.12,Cr,,Madhya Pradesh,Kolkata
Royal & Sons 0155,Sundry Debtors,19386.07,Cr,07DBCZR9372Q9Z8,Delhi,Pune
Aarav Patel 0156,Sundry Debtors,0,Dr,33SJHJM6912X4ZJ,Tamil Nadu,Nagpur
Prime Wholesale 0157,Sundry Debtors,0,Cr,23SBFSG4579R2ZE,Madhya Pradesh,Kochi
Apex Industries 0158,Sundry Debtors,0,Dr,19FPJVD9632R8ZH,West Bengal,Nagpur
Zenith Trading Co 0159,Sundry Debtors,83410.15,Cr,24YDGSZ7906X9Z6,Gujarat,Coimbatore
Nova Distributors 0160,Sundry Debtors,0,Dr,24GJUCL6499I4ZE,Gujarat,Delhi
Sunrise Enterprises 0161,Sundry Debtors,0,Cr,29CRQHU9159N4ZO,Karnataka,Kolkata
Global Agencies 0162,Sundry Debtors,0,Cr,07IUNCF8738J4ZM,Delhi,Ahmedabad
Sai Das 0163,Sundry Debtors,80361.14,Dr,,West Bengal,Coimbatore
Prime Traders 0164,Sundry Debtors,0,Cr,03GIMPY1905W3Z7,Punjab,Bhopal
Arjun Joshi 0165,Sundry Creditors,0,Dr,09VJVMR4791Y5ZV,Uttar Pradesh,Kochi
Star Traders 0166,Sundry Debtors,0,Dr,08XOMKC1146N2ZT,Rajasthan,Bengaluru
Nikhil Menon 0167,Sundry Debtors,87921.57,Dr,29RUAQH5402Q7ZU,Karnataka,Kolkata
Global Agencies 0168,Sundry Debtors,0,Dr,,Delhi,Mumbai
Metro Traders 0169,Sundry Debtors,0,Cr,19FMVRC1497V4ZG,West Bengal,Delhi
Sai Desai 0170,Sundry Creditors,36483.43,Dr,29JWPJT5952X6ZG,Karnataka,Surat
Amit Menon 0171,Sundry Creditors,73366.5,Cr,07DHHPS3234O9Z5,Delhi,Kolkata
Riya Pillai 0172,Sundry Debtors,0,Dr,23BNFFU9924C2ZY,Madhya Pradesh,Chennai
Nova Distributors 0173,Sundry Debtors,0,Cr,,Telangana,Kolkata
Reyansh Reddy 0174,Sundry Creditors,86387.67,Cr,,Gujarat,Ahmedabad
Ananya Desai 0175,Sundry Debtors,0,Dr,36LNRTX0792N3ZV,Telangana,Coimbatore
Unity Solutions 0176,Sundry Debtors,68606.6,Cr,08KLXOT7685V5ZA,Rajasthan,Kochi
Pooja Bose 0177,Sundry Creditors,0,Cr,09QIWWF6478N8ZF,Uttar Pradesh,Jaipur
Vertex Industries 0178,Sundry Debtors,0,Cr,,West Bengal,Lucknow
Karan Menon 0179,Sundry Debtors,31133.92,Cr,33QVWAT3072I5ZY,Tamil Nadu,Delhi
Priya Kumar 0180,Sundry Debtors,0,Dr,33YSCXN2625X3Z7,Tamil Nadu,Nagpur
Aarav Chowdhury 0181,Sundry Debtors,0,Cr,,Tamil Nadu,Lucknow
Karan Nair 0182,Sundry Creditors,0,Cr,33EYOEF9017N4ZO,Tamil Nadu,Ahmedabad
Ganga Distributors 0183,Sundry Debtors,0,Dr,09JFFUE0732R1ZH,Uttar Pradesh,Chennai
Deepak Mehta 0184,Sundry Debtors,0,Cr,29WWXHV9653H4Z5,Karnataka,Bengaluru
Bharat Traders 0185,Sundry Debtors,81855.86,Dr,33CJNIG5630R7ZH,Tamil Nadu,Surat
Sai Joshi 0186,Sundry Debtors,0,Dr,,Tamil Nadu,Bhopal
Bharat Distributors 0187,Sundry Creditors,0,Cr,36GJLTO7370O9ZA,Telangana,Kochi
Nikhil Nair 0188,Sundry Creditors,32793.12,Dr,,Kerala,Lucknow
Karan Singh 0189,Sundry Debtors,0,Dr,23YJCBP3564S8ZN,Madhya Pradesh,Surat
Star Industries 0190,Sundry Debtors,30281.1,Cr,24WEBPA3055C6ZB,Gujarat,Chennai
Pooja Verma 0191,Sundry Debtors,87190.1,Cr,33NZHRD8028J2Z6,Tamil Nadu,Indore
Diya Mehta 0192,Sundry Debtors,86068.47,Cr,32HBWCG7702I6Z2,Kerala,Mumbai
Vertex Traders 0193,Sundry Debtors,0,Dr,36YCYBA6612X4ZY,Telangana,Hyderabad
Shakti Traders 0194,Sundry Debtors,0,Dr,,Gujarat,Jaipur
Vertex Traders 0195,Sundry Debtors,0,Cr,23FAAXC7496E8ZE,Madhya Pradesh,Jaipur
Pioneer & Sons 0196,Sundry Creditors,68529.57,Dr,32YFKPJ1384J4Z3,Kerala,Delhi
Nova Industries 0197,Sundry Debtors,0,Dr,23RZFSY1765I8ZZ,Madhya Pradesh,Chennai
Amit Gupta 0198,Sundry Debtors,76312.49,Cr,08XZCHR7424T8ZL,Rajasthan,Kochi
Sai Menon 0199,Sundry Debtors,0,Dr,27KJWGC6711S9Z2,Maharashtra,Kolkata
Star Distributors 0200,Sundry Debtors,0,Cr,03LJCIC5101P2Z8,Punjab,Jaipur
Aarav Das 0201,Sundry Debtors,0,Dr,32MERTJ2069F9ZP,Kerala,Mumbai
Pioneer Enterprises 0202,Sundry Debtors,0,Dr,36CLRXL6870O7ZA,Telangana,Jaipur
Ganga Traders 0203,Sundry Debtors,0,Cr,27RGQGV0164V3ZE,Maharashtra,Kolkata
Krishna Kumar 0204,Sundry Creditors,0,Dr,03LHHLC0557J9Z8,Punjab,Mumbai
Riya Reddy 0205,Sundry Creditors,0,Dr,33PWXXA4217A6ZM,Tamil Nadu,Mumbai
Crescent Solutions 0206,Sundry Debtors,39141.19,Dr,24MBPVK9705H1ZZ,Gujarat,Coimbatore
Riya Iyer 0207,Sundry Creditors,0,Cr,24KJXYN3400F8ZI,Gujarat,Bhopal
Bharat Marketing 0208,Sundry Debtors,0,Cr,27JIGKH4150V7ZO,Maharashtra,Jaipur
Shakti Traders 0209,Sundry Debtors,8981.74,Cr,09CJPMY2591S9ZE,Uttar Pradesh,Bhopal
Global Agencies 0210,Sundry Debtors,41338.69,Cr,,Uttar Pradesh,Chennai
Unity Agencies 0211,Sundry Debtors,47377.34,Cr,23GRMBI7761E2ZY,Madhya Pradesh,Delhi
Karan Nair 0212,Sundry Creditors,37761.54,Dr,03MKXJR4829H6Z5,Punjab,Ahmedabad
Rohan Patel 0213,Sundry Creditors,87679.38,Cr,,Telangana,Indore
Apex Distributors 0214,Sundry Debtors,11393.59,Cr,32PKIJC1172Y4Z2,Kerala,Lucknow
Sai Joshi 0215,Sundry Debtors,0,Cr,24KTYCR8557F4ZU,Gujarat,Bhopal
Nova Agencies 0216,Sundry Creditors,67342.95,Cr,27LWWVQ5111P1Z6,Maharashtra,Nagpur
Riya Mehta 0217,Sundry Debtors,33807.29,Dr,08IBSTU1065O8ZM,Rajasthan,Lucknow
Vihaan Das 0218,Sundry Debtors,0,Cr,29VAWFU5134X2ZS,Karnataka,Pune
Pioneer Retail 0219,Sundry Debtors,0,Cr,23KMDFE6593C1ZV,Madhya Pradesh,Surat
Ishaan Kulkarni 0220,Sundry Creditors,76525.49,Dr,09CXEWW9964G7ZI,Uttar Pradesh,Indore
Ira Patel 0221,Sundry Creditors,0,Dr,29YRECN8329E4ZA,Karnataka,Nagpur
Pioneer Traders 0222,Sundry Creditors,0,Dr,,Uttar Pradesh,Kolkata
Aadhya Iyer 0223,Sundry Creditors,48901.25,Cr,,Maharashtra,Chennai
Bharat Enterprises 0224,Sundry Debtors,0,Dr,23UENJU4898I3Z4,Madhya Pradesh,Chennai
Apex Agencies 0225,Sundry Debtors,0,Dr,09JCMFL5972Q4ZE,Uttar Pradesh,Kochi
Apex Solutions 0226,Sundry Debtors,0,Cr,27ZCSKY2739F2ZD,Maharashtra,Hyderabad
Nikhil Desai 0227,Sundry Debtors,0,Dr,24RDVPX7369U2Z5,Gujarat,Delhi
Unity Industries 0228,Sundry Debtors,30691.26,Cr,07YBYVJ7704L2ZK,Delhi,Surat
Ganga Traders 0229,Sundry Debtors,0,Cr,36TZANE6378X7ZY,Telangana,Kolkata
Global Retail 0230,Sundry Debtors,0,Dr,09QRRGK8510K7ZF,Uttar Pradesh,Mumbai
Aditya Shah 0231,Sundry Creditors,0,Cr,27DRUNR5484J1ZF,Maharashtra,Chennai
Orbit Retail 0232,Sundry Creditors,0,Cr,33ZHROA8475C6ZI,Tamil Nadu,Chennai
Zenith Trading Co 0233,Sundry Debtors,0,Cr,19XIBIS1432E3ZD,West Bengal,Nagpur
Bharat Marketing 0234,Sundry Debtors,0,Cr,08RIRVM9318F5Z2,Rajasthan,Nagpur
Vertex Distributors 0235,Sundry Debtors,7411.97,Dr,33JWPKH1343B3ZR,Tamil Nadu,Surat
Sunrise Trading Co 0236,Sundry Debtors,0,Cr,23FOQBG7519R7Z8,Madhya Pradesh,Hyderabad
Royal Wholesale 0237,Sundry Debtors,67937.22,Dr,08SEDAO2889O7Z4,Rajasthan,Mumbai
Sunrise Marketing 0238,Sundry Debtors,0,Dr,23KTUKA4441M1ZP,Madhya Pradesh,Bengaluru
Rohan Sharma 0239,Sundry Debtors,0,Dr,19MHDPZ2541V6Z8,West Bengal,Kolkata
Karan Gupta 0240,Sundry Debtors,0,Cr,07VJCWK0772O3Z7,Delhi,Bhopal
Shakti Agencies 0241,Sundry Debtors,0,Dr,19DIMCC3605Y9ZK,West Bengal,Nagpur
Star Distributors 0242,Sundry Debtors,0,Dr,33FDCJR9938P7ZC,Tamil Nadu,Pune
Shakti Retail 0243,Sundry Debtors,0,Dr,,Tamil Nadu,Pune
Royal Marketing 0244,Sundry Debtors,0,Cr,,Madhya Pradesh,Ahmedabad
Riya Shah 0245,Sundry Creditors,0,Dr,29VIWNC3188Z6ZU,Karnataka,Nagpur
Ganga Wholesale 0246,Sundry Debtors,63173.15,Dr,27KMRCT4632Z9Z8,Maharashtra,Pune
Bharat & Sons 0247,Sundry Debtors,39365.11,Cr,36ZFUGS3608C4ZY,Telangana,Bhopal
Bharat Marketing 0248,Sundry Debtors,0,Cr,29RBHQR0365H1ZB,Karnataka,Mumbai
Nova Marketing 0249,Sundry Debtors,54308.28,Dr,19PZRCB5303R6ZD,West Bengal,Lucknow
Vihaan Kulkarni 0250,Sundry Debtors,26457.49,Dr,36LQWFZ8540A1ZA,Telangana,Kochi
Prime & Sons 0251,Sundry Creditors,0,Cr,,Gujarat,Indore
Diya Bose 0252,Sundry Debtors,82828.35,Dr,23BPATI9074F5ZX,Madhya Pradesh,Lucknow
Ira Nair 0253,Sundry Debtors,0,Cr,09BUJTS8255D1Z8,Uttar Pradesh,Coimbatore
Arjun Iyer 0254,Sundry Debtors,72640.39,Cr,29OAVXP2325Z2Z3,Karnataka,Ahmedabad
Amit Rao 0255,Sundry Debtors,0,Dr,,Tamil Nadu,Bengaluru
Saanvi Das 0256,Sundry Debtors,0,Dr,,Madhya Pradesh,Jaipur
Priya Menon 0257,Sundry Creditors,0,Cr,,Uttar Pradesh,Pune
Zenith Distributors 0258,Sundry Debtors,0,Dr,33WLEFB6582U5Z8,Tamil Nadu,Hyderabad
Shakti Wholesale 0259,Sundry Debtors,0,Dr,33WLERY6474Q9Z4,Tamil Nadu,Chennai
Aadhya Menon 0260,Sundry Debtors,0,Dr,,Kerala,Coimbatore
Nikhil Kumar 0261,Sundry Debtors,40393.82,Dr,29SWQOE9229C3ZU,Karnataka,Hyderabad
Rahul Mehta 0262,Sundry Debtors,0,Cr,,Madhya Pradesh,Delhi
Anjali Verma 0263,Sundry Debtors,64965.37,Cr,,Rajasthan,Chennai
Kavya Nair 0264,Sundry Creditors,35554.54,Dr,32YRONI3044R4ZB,Kerala,Chennai
Sai Chowdhury 0265,Sundry Debtors,0,Dr,19GYYJK4372H7ZF,West Bengal,Nagpur
Global Enterprises 0266,Sundry Creditors,0,Cr,,West Bengal,Coimbatore
Reyansh Singh 0267,Sundry Debtors,0,Dr,03HFGEW3121U5ZQ,Punjab,Bengaluru
Star Enterprises 0268,Sundry Creditors,9904.26,Dr,,Gujarat,Surat
Diya Nair 0269,Sundry Creditors,0,Dr,08VETDR4470T3ZQ,Rajasthan,Jaipur
Bharat Industries 0270,Sundry Creditors,0,Dr,23LLUGU6939D7Z8,Madhya Pradesh,Pune
Sunrise Trading Co 0271,Sundry Creditors,0,Dr,,Kerala,Kochi
Pari Shah 0272,Sundry Creditors,15813.01,Cr,,Kerala,Coimbatore
Shakti Retail 0273,Sundry Debtors,0,Dr,,Tamil Nadu,Surat
Ganga Wholesale 0274,Sundry Debtors,0,Dr,33FOFLS8651E1ZJ,Tamil Nadu,Hyderabad
Rahul Kumar 0275,Sundry Debtors,0,Dr,,Maharashtra,Ahmedabad
Nova Solutions 0276,Sundry Debtors,0,Dr,09ANZXL9631P2ZD,Uttar Pradesh,Bhopal
Pioneer Distributors 0277,Sundry Creditors,0,Dr,,West Bengal,Surat
Metro Retail 0278,Sundry Creditors,6140.22,Dr,,Punjab,Delhi
Pari Iyer 0279,Sundry Debtors,0,Cr,19SARWT8437A2Z7,West Bengal,Hyderabad
Bharat Enterprises 0280,Sundry Debtors,0,Cr,08HRXGQ6085I9Z4,Rajasthan,Chennai
Shakti Trading Co 0281,Sundry Creditors,0,Dr,29SHYPP8622L9ZJ,Karnataka,Jaipur
Sunrise Exports 0282,Sundry Debtors,0,Dr,24GZXCF5020O3ZR,Gujarat,Kolkata
Prime Trading Co 0283,Sundry Debtors,0,Cr,27DRHPY6146Y2ZT,Maharashtra,Mumbai
Sunrise Trading Co 0284,Sundry Creditors,0,Dr,19ZOWSQ9773D3Z1,West Bengal,Pune
Ganga Traders 0285,Sundry Debtors,0,Cr,24YYMVW0398P9ZJ,Gujarat,Bengaluru
Ananya Chowdhury 0286,Sundry Debtors,0,Cr,09ABJNA3154C4ZD,Uttar Pradesh,Indore
Bharat Industries 0287,Sundry Debtors,5046.0,Dr,24PCHHO0827B3ZG,Gujarat,Lucknow
Rohan Nair 0288,Sundry Debtors,0,Cr,,Karnataka,Pune
Ishaan Sharma 0289,Sundry Debtors,0,Cr,08RIJFX8006F9ZJ,Rajasthan,Delhi
Rohan Joshi 0290,Sundry Debtors,0,Cr,36SOUFY4822H6Z8,Telangana,Kochi
Nikhil Rao 0291,Sundry Creditors,78102.58,Cr,32UTJWQ6140J4ZE,Kerala,Lucknow
Sunrise & Sons 0292,Sundry Debtors,25431.3,Cr,,Gujarat,Surat
Diya Reddy 0293,Sundry Debtors,0,Cr,36IZOZC1941X2ZH,Telangana,Nagpur
Zenith Enterprises 0294,Sundry Creditors,0,Dr,09ZXSMG5140K7ZT,Uttar Pradesh,Bengaluru
Pooja Kulkarni 0295,Sundry Debtors,41173.27,Dr,,Rajasthan,Bengaluru
Prime Solutions 0296,Sundry Creditors,0,Cr,08XIKZD8612K6ZX,Rajasthan,Lucknow
Aadhya Shah 0297,Sundry Debtors,0,Cr,,Rajasthan,Bhopal
Aadhya Bose 0298,Sundry Debtors,0,Dr,36JLEMF4852L8ZP,Telangana,Lucknow
Arjun Pillai 0299,Sundry Debtors,71985.68,Cr,33BPLHG1458R6ZA,Tamil Nadu,Chennai
Prime Distributors 0300,Sundry Debtors,15351.63,Dr,27EATLT8125E3ZK,Maharashtra,Bhopal
Bharat Industries 0301,Sundry Debtors,71416.21,Dr,33DTQSG4069Z9ZS,Tamil Nadu,Pune
Global Distributors 0302,Sundry Debtors,0,Cr,32BODFH3199A6ZB,Kerala,Lucknow
Myra Bose 0303,Sundry Debtors,0,Dr,,Madhya Pradesh,Kolkata
Saanvi Nair 0304,Sundry Creditors,0,Dr,08SIJGX8105I1ZQ,Rajasthan,Pune
Ira Chowdhury 0305,Sundry Debtors,0,Dr,27AKJLS6408G2Z4,Maharashtra,Bhopal
Nova Trading Co 0306,Sundry Creditors,43057.94,Dr,29OYFDO1009C4ZB,Karnataka,Coimbatore
Royal Wholesale 0307,Sundry Debtors,0,Cr,23LSNOT8784K4ZK,Madhya Pradesh,Delhi
Star & Sons 0308,Sundry Debtors,0,Cr,,West Bengal,Delhi
Vertex Industries 0309,Sundry Debtors,0,Dr,27ULTPM9678U4ZE,Maharashtra,Delhi
Prime & Sons 0310,Sundry Debtors,0,Dr,32BOCNS8871J2Z1,Kerala,Ahmedabad
Rohan Das 0311,Sundry Creditors,68296.15,Cr,,West Bengal,Delhi
Aarav Kulkarni 0312,Sundry Creditors,0,Cr,07QEBXP2566E5Z6,Delhi,Coimbatore
Pioneer Traders 0313,Sundry Debtors,0,Dr,32FJDZU6342K9ZP,Kerala,Bhopal
Royal Wholesale 0314,Sundry Debtors,76287.78,Dr,,Uttar Pradesh,Lucknow
Aditya Reddy 0315,Sundry Debtors,0,Cr,08PHINW3958G6Z8,Rajasthan,Pune
Unity Traders 0316,Sundry Debtors,9777.49,Dr,24OQGGS2400O6Z0,Gujarat,Coimbatore
Vertex Agencies 0317,Sundry Debtors,0,Cr,08FMIQS4405N7ZG,Rajasthan,Ahmedabad
Everest Industries 0318,Sundry Debtors,82394.18,Cr,,West Bengal,Bhopal
Orbit Exports 0319,Sundry Debtors,0,Dr,,Kerala,Indore
Metro Wholesale 0320,Sundry Creditors,0,Cr,09LHXND2395V5ZA,Uttar Pradesh,Surat
Bharat Exports 0321,Sundry Creditors,0,Cr,23WSILU7914N5ZF,Madhya Pradesh,Kochi
Pooja Nair 0322,Sundry Debtors,0,Dr,,Telangana,Pune
Pioneer Distributors 0323,Sundry Creditors,0,Dr,03DCMJI4276E1ZV,Punjab,Chennai
Metro Retail 0324,Sundry Debtors,0,Cr,,Gujarat,Surat
Everest Retail 0325,Sundry Debtors,0,Cr,03LMDKK9396J7Z8,Punjab,Pune
Aadhya Mehta 0326,Sundry Debtors,0,Cr,33TCQYC7551K7ZA,Tamil Nadu,Chennai
Prime Distributors 0327,Sundry Debtors,0,Dr,,Maharashtra,Chennai
Unity Agencies 0328,Sundry Debtors,0,Cr,24YHPCV1611I4ZN,Gujarat,Kolkata
Nikhil Iyer 0329,Sundry Debtors,86210.12,Dr,03TKRWF6079L5Z6,Punjab,Coimbatore
Everest Solutions 0330,Sundry Creditors,0,Cr,,Tamil Nadu,Chennai
Apex Traders 0331,Sundry Debtors,78830.58,Dr,36WECYB0145S8ZS,Telangana,Bengaluru
Royal Agencies 0332,Sundry Debtors,0,Cr,03YSCZM0696P2ZS,Punjab,Mumbai
Royal Distributors 0333,Sundry Debtors,0,Dr,08BUPSS4806M6ZF,Rajasthan,Nagpur
Shakti Solutions 0334,Sundry Debtors,0,Cr,,Tamil Nadu,Surat
Orbit Distributors 0335,Sundry Debtors,0,Dr,19KHLRS1481A7ZS,West Bengal,Hyderabad
Zenith Agencies 0336,Sundry Debtors,0,Dr,,Madhya Pradesh,Jaipur
Rohan Patel 0337,Sundry Debtors,0,Cr,,Maharashtra,Chennai
Shakti Wholesale 0338,Sundry Debtors,0,Dr,23XIUFK4030J7Z5,Madhya Pradesh,Chennai
Crescent Solutions 0339,Sundry Debtors,0,Cr,08UJTXT6910R5ZY,Rajasthan,Bengaluru
Aarav Chowdhury 0340,Sundry Debtors,0,Dr,36QMEYB8296I1ZW,Telangana,Pune
Metro Agencies 0341,Sundry Creditors,0,Dr,03BOXDZ8784F6ZP,Punjab,Chennai
Apex & Sons 0342,Sundry Debtors,0,Cr,03OVAFQ4467K7ZN,Punjab,Jaipur
Unity & Sons 0343,Sundry Creditors,0,Cr,27XOPSL5502T3ZJ,Maharashtra,Nagpur
Metro Exports 0344,Sundry Debtors,39481.26,Cr,23AWOFT3022V9ZB,Madhya Pradesh,Lucknow
Star Exports 0345,Sundry Creditors,61129.86,Dr,19QPWKG9449S7ZB,West Bengal,Ahmedabad
Prime Industries 0346,Sundry Creditors,0,Dr,32YAJMK6095C9Z7,Kerala,Kochi
Ira Verma 0347,Sundry Debtors,72653.78,Cr,03MXPSM7245O6ZT,Punjab,Kolkata
Vihaan Pillai 0348,Sundry Debtors,29595.47,Cr,36OEBLN0525K3Z0,Telangana,Kochi
Unity Exports 0349,Sundry Debtors,47348.1,Cr,09KQKQN0754L5ZX,Uttar Pradesh,Hyderabad
Prime Traders 0350,Sundry Debtors,0,Cr,19QWJVB3681F6ZV,West Bengal,Coimbatore
Ananya Verma 0351,Sundry Debtors,0,Cr,,Tamil Nadu,Nagpur
Ira Nair 0352,Sundry Creditors,0,Dr,,Karnataka,Surat
Shakti Exports 0353,Sundry Debtors,1342.29,Dr,09KVUUK8759C1ZL,Uttar Pradesh,Nagpur
Aarav Das 0354,Sundry Debtors,0,Dr,08OFZHK9938U8Z2,Rajasthan,Ahmedabad
Metro Trading Co 0355,Sundry Creditors,0,Dr,,Kerala,Hyderabad
Crescent & Sons 0356,Sundry Debtors,51300.08,Dr,29RKTTI2398F3ZY,Karnataka,Jaipur
Nikhil Chowdhury 0357,Sundry Debtors,20360.19,Dr,27JNWAV2263C5ZC,Maharashtra,Ahmedabad
Ganga Distributors 0358,Sundry Debtors,0,Dr,29TCPOV2964J6Z6,Karnataka,Pune
Shakti Enterprises 0359,Sundry Debtors,0,Dr,24RGEQM3129O5ZZ,Gujarat,Delhi
Krishna Kulkarni 0360,Sundry Creditors,0,Cr,08UGTRG8401E1ZY,Rajasthan,Bengaluru
Royal Enterprises 0361,Sundry Debtors,0,Cr,,Uttar Pradesh,Jaipur
Amit Rao 0362,Sundry Debtors,11995.73,Cr,,Delhi,Jaipur
Global Industries 0363,Sundry Debtors,71711.21,Cr,27NKPDW1334I2Z5,Maharashtra,Ahmedabad
Deepak Singh 0364,Sundry Debtors,0,Dr,07CBWOX9304J9ZV,Delhi,Delhi
Deepak Sharma 0365,Sundry Debtors,46956.22,Dr,,Tamil Nadu,Surat
Global Exports 0366,Sundry Debtors,45635.65,Cr,36QYDYN0219N1ZR,Telangana,Lucknow
Deepak Kulkarni 0367,Sundry Debtors,0,Cr,19TMSGZ9063S3ZF,West Bengal,Coimbatore
Royal Retail 0368,Sundry Creditors,81270.58,Dr,07JXVYO4112N4ZO,Delhi,Lucknow
Everest Industries 0369,Sundry Creditors,0,Dr,,West Bengal,Ahmedabad
Meera Gupta 0370,Sundry Debtors,0,Cr,36APALD7362M9Z9,Telangana,Indore
Sai Kulkarni 0371,Sundry Creditors,0,Cr,36OMHPE3484J7ZW,Telangana,Coimbatore
Pooja Iyer 0372,Sundry Debtors,0,Cr,23JNWBU5627Z5ZP,Madhya Pradesh,Kochi
Star Industries 0373,Sundry Creditors,2410.71,Cr,03RSUGL1981Z7ZT,Punjab,Bengaluru
Crescent Retail 0374,Sundry Debtors,0,Dr,07TVOCZ8270I2Z6,Delhi,Mumbai
Global & Sons 0375,Sundry Debtors,0,Cr,08NIHXQ9699N1ZY,Rajasthan,Kolkata
Apex Enterprises 0376,Sundry Debtors,0,Cr,,West Bengal,Mumbai
Prime Enterprises 0377,Sundry Debtors,0,Dr,23LIAMP9332Y2ZP,Madhya Pradesh,Mumbai
Pioneer Solutions 0378,Sundry Debtors,0,Cr,33AVZDR0666H1ZC,Tamil Nadu,Bengaluru
Anjali Kumar 0379,Sundry Debtors,0,Dr,,Maharashtra,Indore
Shakti Wholesale 0380,Sundry Creditors,0,Dr,19XJBPF7994Q3ZZ,West Bengal,Nagpur
Aadhya Shah 0381,Sundry Debtors,0,Dr,09YWPIO2031B3ZJ,Uttar Pradesh,Chennai
Apex Industries 0382,Sundry Debtors,0,Dr,27RORMZ3363F7ZE,Maharashtra,Kochi
Nova & Sons 0383,Sundry Debtors,50393.21,Dr,23DYLDK3556B5Z0,Madhya Pradesh,Coimbatore
Kavya Verma 0384,Sundry Debtors,0,Cr,03UZMFG6025B2ZX,Punjab,Kolkata
Priya Shah 0385,Sundry Creditors,38738.98,Dr,29XALRN0928E6ZH,Karnataka,Kochi
Ananya Gupta 0386,Sundry Debtors,0,Dr,23BMNUR0625O7ZB,Madhya Pradesh,Ahmedabad
Deepak Rao 0387,Sundry Debtors,9642.46,Dr,07DPMWQ2581U1ZH,Delhi,Ahmedabad
Arjun Chowdhury 0388,Sundry Debtors,0,Cr,07VYEFQ2361W6ZK,Delhi,Mumbai
Aditya Joshi 0389,Sundry Debtors,0,Cr,,Rajasthan,Nagpur
Prime Trading Co 0390,Sundry Creditors,37377.3,Cr,24IPLTC3231C7ZZ,Gujarat,Indore
Orbit Trading Co 0391,Sundry Debtors,26160.31,Dr,29LHGHZ1060F8Z6,Karnataka,Pune
Everest Wholesale 0392,Sundry Debtors,0,Dr,03WQTMN0097B1ZQ,Punjab,Bengaluru
Diya Desai 0393,Sundry Debtors,0,Cr,29WSTUZ6866Z7ZF,Karnataka,Pune
Crescent Trading Co 0394,Sundry Debtors,58494.97,Cr,27MNNOK8509U7Z4,Maharashtra,Mumbai
Pooja Singh 0395,Sundry Debtors,0,Cr,33MPEWW2438R5ZC,Tamil Nadu,Indore
Bharat Wholesale 0396,Sundry Debtors,0,Cr,08YFTPZ0533R2Z2,Rajasthan,Coimbatore
Aarav Das 0397,Sundry Debtors,0,Cr,08KUHAJ3834J9ZD,Rajasthan,Ahmedabad
Sai Shah 0398,Sundry Debtors,0,Dr,03WXWNI1313M5ZV,Punjab,Hyderabad
Aditya Rao 0399,Sundry Debtors,0,Cr,36OFAFB4614E3ZZ,Telangana,Surat
Amit Shah 0400,Sundry Debtors,0,Dr,29IWYFQ7526F4ZV,Karnataka,Bengaluru
Nova Enterprises 0401,Sundry Debtors,64470.84,Dr,09PSDIH9233N4ZQ,Uttar Pradesh,Hyderabad
Metro Wholesale 0402,Sundry Debtors,0,Cr,,Karnataka,Chennai
Neha Nair 0403,Sundry Debtors,0,Dr,23RCHMA7973M9ZO,Madhya Pradesh,Indore
Pioneer & Sons 0404,Sundry Debtors,0,Dr,07ATHHA8237Z6ZS,Delhi,Surat
Ira Reddy 0405,Sundry Creditors,49173.72,Dr,19NJIHY1178V1ZM,West Bengal,Coimbatore
Myra Pillai 0406,Sundry Debtors,0,Cr,08RILYK3390K3ZY,Rajasthan,Ahmedabad
Prime Trading Co 0407,Sundry Debtors,0,Dr,29XLYUV8426Y8Z0,Karnataka,Indore
Pioneer Marketing 0408,Sundry Debtors,0,Cr,,Delhi,Hyderabad
Saanvi Kulkarni 0409,Sundry Debtors,0,Dr,08WMCQI1516L9ZK,Rajasthan,Indore
Pooja Chowdhury 0410,Sundry Creditors,0,Cr,32RJIKP6849F8ZU,Kerala,Bengaluru
Meera Menon 0411,Sundry Debtors,0,Dr,03VRHPX4639K9Z7,Punjab,Indore
Vivaan Verma 0412,Sundry Debtors,0,Dr,03POKGD7350G7Z8,Punjab,Coimbatore
Zenith Solutions 0413,Sundry Creditors,68462.35,Dr,09XOIXH1245R8ZN,Uttar Pradesh,Kochi
Global Traders 0414,Sundry Debtors,0,Dr,,West Bengal,Indore
Ishaan Sharma 0415,Sundry Debtors,51554.57,Cr,07TYLDO8199D8Z1,Delhi,Hyderabad
Aditya Rao 0416,Sundry Debtors,0,Dr,29KXGXL9650H4ZM,Karnataka,Bhopal
Unity Enterprises 0417,Sundry Creditors,53382.04,Cr,32SQWQN1899C1ZM,Kerala,Coimbatore
Shakti Agencies 0418,Sundry Creditors,62038.53,Cr,36KYHWD3515G1ZC,Telangana,Nagpur
Pioneer Retail 0419,Sundry Debtors,73841.36,Cr,,Kerala,Kolkata
Priya Desai 0420,Sundry Debtors,7046.14,Dr,36XKRSF1202S4ZQ,Telangana,Pune
Nikhil Nair 0421,Sundry Debtors,0,Dr,07JYSKC2274Q3ZV,Delhi,Hyderabad
Riya Das 0422,Sundry Creditors,0,Dr,03NLPUV5067B9Z5,Punjab,Coimbatore
Zenith Exports 0423,Sundry Debtors,0,Dr,23DBMUU7881A5ZY,Madhya Pradesh,Coimbatore
Krishna Kumar 0424,Sundry Creditors,0,Dr,,Delhi,Ahmedabad
Metro Traders 0425,Sundry Debtors,65675.55,Cr,08SLVIT8993O4ZZ,Rajasthan,Bengaluru
Bharat Solutions 0426,Sundry Debtors,0,Cr,08XWOWS8821R4ZP,Rajasthan,Surat
Everest Traders 0427,Sundry Debtors,0,Dr,09OIJJW4527U7ZR,Uttar Pradesh,Mumbai
Nova Marketing 0428,Sundry Debtors,0,Cr,24SIQDL4252Y9ZM,Gujarat,Kolkata
Shakti & Sons 0429,Sundry Debtors,0,Cr,23DQEED2454Y5ZE,Madhya Pradesh,Nagpur
Vihaan Gupta 0430,Sundry Debtors,0,Cr,29DKHAG4385D1Z4,Karnataka,Kochi
Crescent Wholesale 0431,Sundry Creditors,0,Cr,36VDPBJ8021X1ZT,Telangana,Delhi
Ishaan Sharma 0432,Sundry Debtors,0,Cr,23NWECU9020S5ZI,Madhya Pradesh,Kochi
Rahul Menon 0433,Sundry Debtors,40377.34,Cr,29GGKFE6453O8Z6,Karnataka,Kochi
Deepak Desai 0434,Sundry Debtors,0,Cr,27JRGIF8390N3Z9,Maharashtra,Indore
Nikhil Menon 0435,Sundry Creditors,0,Cr,24EBEVZ4801I4ZH,Gujarat,Pune
Global Wholesale 0436,Sundry Creditors,0,Dr,,Telangana,Bhopal
Aarav Singh 0437,Sundry Creditors,0,Cr,19FCEVU7398D9ZJ,West Bengal,Surat
Bharat Trading Co 0438,Sundry Debtors,0,Dr,07NZMEN6809Y6Z0,Delhi,Kochi
Nova Agencies 0439,Sundry Debtors,0,Cr,03NDIUG8984J1Z1,Punjab,Delhi
Meera Bose 0440,Sundry Debtors,0,Dr,19GTANT8509A5ZL,West Bengal,Jaipur
Royal Distributors 0441,Sundry Debtors,0,Dr,23REYZN6043U6ZL,Madhya Pradesh,Nagpur
Aadhya Chowdhury 0442,Sundry Debtors,79872.44,Cr,27ULVXE6851P2Z3,Maharashtra,Nagpur
Neha Sharma 0443,Sundry Creditors,0,Dr,08MVKVC6610O8ZZ,Rajasthan,Kolkata
Apex Industries 0444,Sundry Creditors,37563.33,Dr,07NYCVT0101T5ZW,Delhi,Surat
Bharat Exports 0445,Sundry Debtors,0,Cr,,Karnataka,Hyderabad
Nikhil Kumar 0446,Sundry Creditors,0,Dr,,Kerala,Bengaluru
Zenith Solutions 0447,Sundry Creditors,0,Cr,,West Bengal,Coimbatore
Royal Traders 0448,Sundry Debtors,25639.6,Dr,19GRSMK7354P8ZD,West Bengal,Ahmedabad
Krishna Iyer 0449,Sundry Creditors,82273.38,Dr,33ORXQU8036B9Z0,Tamil Nadu,Delhi
Aditya Pillai 0450,Sundry Debtors,0,Dr,09SRXGU4604H7Z5,Uttar Pradesh,Nagpur
Aadhya Chowdhury 0451,Sundry Debtors,0,Cr,24ETFUO9700O7Z9,Gujarat,Surat
Vertex Enterprises 0452,Sundry Debtors,0,Cr,,West Bengal,Coimbatore
Nikhil Pillai 0453,Sundry Debtors,0,Dr,,Delhi,Chennai
Apex Agencies 0454,Sundry Debtors,0,Cr,09IPCSB5383W5Z8,Uttar Pradesh,Jaipur
Metro Exports 0455,Sundry Creditors,0,Dr,19ZBMDN1203Z4Z8,West Bengal,Coimbatore
Pioneer Marketing 0456,Sundry Debtors,68705.83,Dr,07SRKNO5420H1Z7,Delhi,Kolkata
Apex Distributors 0457,Sundry Debtors,28795.71,Cr,07HAPUL4935P7ZU,Delhi,Indore
Star Retail 0458,Sundry Debtors,0,Cr,24JVDVH6706A4ZQ,Gujarat,Pune
Unity & Sons 0459,Sundry Debtors,0,Dr,24FXCEK6635I3Z0,Gujarat,Kochi
Metro Agencies 0460,Sundry Debtors,0,Cr,23GJDDU6331L3ZN,Madhya Pradesh,Hyderabad
Krishna Iyer 0461,Sundry Debtors,0,Cr,,Maharashtra,Coimbatore
Shakti & Sons 0462,Sundry Debtors,0,Cr,,Uttar Pradesh,Lucknow
Amit Chowdhury 0463,Sundry Debtors,37381.32,Dr,,Telangana,Kolkata
Kavya Pillai 0464,Sundry Debtors,16850.75,Cr,32KYKAD6210M7ZF,Kerala,Coimbatore
Global Wholesale 0465,Sundry Debtors,0,Dr,29ZYKJB2281T1ZV,Karnataka,Jaipur
Ganga Marketing 0466,Sundry Creditors,0,Cr,09IKEXW2201G5ZN,Uttar Pradesh,Mumbai
Vertex Retail 0467,Sundry Debtors,75083.37,Dr,03CRHOM6285Y3ZS,Punjab,Jaipur
Nova Marketing 0468,Sundry Debtors,14475.52,Dr,,Uttar Pradesh,Pune
Royal Industries 0469,Sundry Creditors,78559.26,Cr,,Punjab,Lucknow
Global Enterprises 0470,Sundry Creditors,0,Dr,,Madhya Pradesh,Ahmedabad
Bharat Agencies 0471,Sundry Debtors,0,Cr,32PFMSQ1603Q1Z7,Kerala,Kolkata
Vihaan Nair 0472,Sundry Debtors,0,Cr,32ZZAAM4692V7ZL,Kerala,Pune
Metro Solutions 0473,Sundry Debtors,16556.86,Cr,,Punjab,Jaipur
Meera Reddy 0474,Sundry Creditors,0,Dr,,Telangana,Pune
Vertex Wholesale 0475,Sundry Debtors,0,Cr,19CJCRT1594I4ZI,West Bengal,Hyderabad
Riya Bose 0476,Sundry Debtors,0,Cr,23ZIUPB9341Y8Z6,Madhya Pradesh,Ahmedabad
Riya Desai 0477,Sundry Creditors,71417.45,Dr,,Maharashtra,Coimbatore
Deepak Reddy 0478,Sundry Creditors,31720.9,Dr,19MTPHS1884T1ZF,West Bengal,Delhi
Apex Distributors 0479,Sundry Debtors,62794.83,Cr,03SQWUW9388V8Z2,Punjab,Delhi
Everest Agencies 0480,Sundry Debtors,0,Dr,33ADVBI5503J6ZV,Tamil Nadu,Lucknow
Apex & Sons 0481,Sundry Creditors,0,Dr,29FLOKQ5702O7ZP,Karnataka,Mumbai
Saanvi Mehta 0482,Sundry Debtors,0,Dr,,Maharashtra,Kochi
Star Trading Co 0483,Sundry Debtors,0,Cr,32ORZRP2646M7ZO,Kerala,Lucknow
Orbit Agencies 0484,Sundry Debtors,0,Dr,,Maharashtra,Mumbai
Global Marketing 0485,Sundry Debtors,47513.89,Cr,07CRHJU7110U1ZG,Delhi,Indore
Metro Enterprises 0486,Sundry Debtors,0,Dr,,Delhi,Coimbatore
Global Distributors 0487,Sundry Debtors,0,Cr,19QDDBL3371J3ZY,West Bengal,Bhopal
Everest Distributors 0488,Sundry Creditors,0,Dr,33PYUDR8139R7ZU,Tamil Nadu,Nagpur
Global Trading Co 0489,Sundry Debtors,0,Cr,24AYSVI9700D5Z3,Gujarat,Bhopal
Myra Reddy 0490,Sundry Debtors,0,Dr,,Tamil Nadu,Kochi
Vertex & Sons 0491,Sundry Debtors,0,Dr,19SGXMF9403K2ZM,West Bengal,Coimbatore
Global Trading Co 0492,Sundry Creditors,0,Dr,03XILYR7454N6Z4,Punjab,Pune
Crescent Marketing 0493,Sundry Debtors,0,Dr,24MFTAQ1741T7ZM,Gujarat,Kolkata
Diya Joshi 0494,Sundry Debtors,0,Cr,33ITMBX5383P5ZU,Tamil Nadu,Pune
Vertex Exports 0495,Sundry Debtors,52808.48,Dr,29IUKFS4238Z9ZU,Karnataka,Bengaluru
Crescent Retail 0496,Sundry Creditors,0,Cr,08DYEWV8262C5Z3,Rajasthan,Chennai
Prime Exports 0497,Sundry Debtors,0,Cr,23DHTFE9960B2Z3,Madhya Pradesh,Lucknow
Royal Marketing 0498,Sundry Debtors,76473.42,Cr,27OLKZQ4253F8Z1,Maharashtra,Bengaluru
Prime Exports 0499,Sundry Creditors,7023.27,Dr,36JSFMF7634G8ZF,Telangana,Indore
Orbit & Sons 0500,Sundry Debtors,0,Cr,07VBRPN1104J6Z9,Delhi,Pune
Amit Kumar 0501,Sundry Debtors,59860.35,Dr,23TZNHS8998B8ZI,Madhya Pradesh,Coimbatore
Crescent Retail 0502,Sundry Debtors,0,Cr,,Tamil Nadu,Lucknow
Riya Kumar 0503,Sundry Debtors,0,Cr,27HCKQT8811G8Z8,Maharashtra,Nagpur
Reyansh Pillai 0504,Sundry Debtors,0,Dr,09HKMWJ1204B1ZP,Uttar Pradesh,Jaipur
Ganga & Sons 0505,Sundry Debtors,55943.87,Cr,32NIKDS1073Q9ZW,Kerala,Hyderabad
Kavya Nair 0506,Sundry Creditors,65372.01,Dr,33UZHFD1178V8ZU,Tamil Nadu,Hyderabad
Sneha Iyer 0507,Sundry Debtors,54408.14,Dr,27ZKORK3292K8ZS,Maharashtra,Nagpur
Pari Patel 0508,Sundry Creditors,0,Cr,29EJYXV5190M6ZX,Karnataka,Coimbatore
Ira Shah 0509,Sundry Debtors,0,Cr,27QTHNK5985P6ZN,Maharashtra,Kolkata
Rohan Iyer 0510,Sundry Debtors,0,Dr,19DYMTX0254Q5ZB,West Bengal,Surat
Aditya Verma 0511,Sundry Debtors,40737.17,Dr,07CKVZS9073L8ZI,Delhi,Hyderabad
Royal Industries 0512,Sundry Debtors,52287.14,Dr,36GMEIT4191R8ZE,Telangana,Jaipur
Global Exports 0513,Sundry Creditors,43726.44,Dr,07JFFLJ5841I5Z0,Delhi,Mumbai
Amit Joshi 0514,Sundry Debtors,0,Dr,29QPZMF9572D3ZW,Karnataka,Mumbai
Pioneer Wholesale 0515,Sundry Debtors,0,Dr,23IJMZD8369D5ZF,Madhya Pradesh,Delhi
Anjali Sharma 0516,Sundry Creditors,0,Dr,24TLJPD5056B8ZC,Gujarat,Kochi
Pooja Singh 0517,Sundry Creditors,0,Cr,07XXBYA3895Q7Z1,Delhi,Bhopal
Crescent Exports 0518,Sundry Debtors,0,Dr,24CSOEE7586T6Z8,Gujarat,Nagpur
Shakti Retail 0519,Sundry Debtors,0,Dr,19LILWP8283R2Z2,West Bengal,Kochi
Sunrise Industries 0520,Sundry Creditors,0,Cr,09QCUMW3745W7ZL,Uttar Pradesh,Lucknow
Krishna Sharma 0521,Sundry Debtors,0,Dr,07MPPMS3152H9ZK,Delhi,Chennai
Unity Agencies 0522,Sundry Creditors,0,Cr,03WIKDE2400P1ZF,Punjab,Bhopal
Nova Solutions 0523,Sundry Debtors,0,Cr,32HRXOC9130A6ZS,Kerala,Jaipur
Apex Marketing 0524,Sundry Debtors,71243.4,Cr,32DVHUY1648Y1ZF,Kerala,Kolkata
Sunrise Exports 0525,Sundry Debtors,0,Dr,07MSRTA9846Y3ZN,Delhi,Surat
Bharat Industries 0526,Sundry Debtors,0,Dr,19DGJVK4127M4ZV,West Bengal,Pune
Pari Nair 0527,Sundry Debtors,0,Dr,36GGJAO8035J3ZX,Telangana,Ahmedabad
Shakti Distributors 0528,Sundry Creditors,0,Dr,36RGRTE6866D7ZQ,Telangana,Mumbai
Apex Trading Co 0529,Sundry Creditors,0,Dr,36OKZBC1448A4ZT,Telangana,Bhopal
Royal Traders 0530,Sundry Creditors,79399.07,Dr,23KGWKX9376E4ZT,Madhya Pradesh,Jaipur
Bharat Retail 0531,Sundry Creditors,0,Dr,09VFHST5996B4ZJ,Uttar Pradesh,Jaipur
Everest Agencies 0532,Sundry Debtors,0,Dr,09UKYSC0711V8Z0,Uttar Pradesh,Indore
Unity Industries 0533,Sundry Creditors,0,Dr,09ELWNP4688I4ZW,Uttar Pradesh,Bengaluru
Ira Shah 0534,Sundry Creditors,0,Cr,,Karnataka,Mumbai
Rahul Chowdhury 0535,Sundry Creditors,0,Dr,33KAYRQ3412N3ZF,Tamil Nadu,Bengaluru
Rohan Reddy 0536,Sundry Debtors,0,Dr,33PLIKW5565K1ZC,Tamil Nadu,Kolkata
Everest Marketing 0537,Sundry Creditors,0,Cr,19WLGEV4439D8ZP,West Bengal,Coimbatore
Aarav Pillai 0538,Sundry Creditors,0,Cr,08RTTKH3133M9Z4,Rajasthan,Hyderabad
Prime & Sons 0539,Sundry Creditors,73152.44,Cr,29TZWMG1235Z5ZV,Karnataka,Pune
Vihaan Nair 0540,Sundry Debtors,0,Dr,09UPUZY0852P7Z6,Uttar Pradesh,Indore
Neha Shah 0541,Sundry Creditors,0,Dr,19DGSJN2097P4ZW,West Bengal,Pune
Shakti Wholesale 0542,Sundry Debtors,0,Dr,08XAQXU5086D4ZK,Rajasthan,Kolkata
Everest Industries 0543,Sundry Debtors,0,Dr,27VYVEG1815B3Z2,Maharashtra,Coimbatore
Sunrise Marketing 0544,Sundry Debtors,0,Dr,03WAVLM4322C8ZI,Punjab,Pune
Star Industries 0545,Sundry Debtors,0,Dr,03SVGSW4964P8ZF,Punjab,Delhi
Nikhil Bose 0546,Sundry Debtors,0,Dr,19UYJGX4824G5ZM,West Bengal,Bengaluru
Vertex Exports 0547,Sundry Debtors,89202.93,Cr,07AGOTE8171Y2ZI,Delhi,Indore
Aadhya Sharma 0548,Sundry Creditors,0,Dr,09VXEAK4377T6Z5,Uttar Pradesh,Bhopal
Sunrise Marketing 0549,Sundry Debtors,0,Cr,27OLIBD2487Z2ZB,Maharashtra,Mumbai
Orbit & Sons 0550,Sundry Creditors,0,Dr,03KXHNL3317F1ZH,Punjab,Jaipur
Aarav Reddy 0551,Sundry Debtors,0,Cr,,Punjab,Lucknow
Myra Mehta 0552,Sundry Debtors,0,Dr,03CMTSJ0027I6ZH,Punjab,Hyderabad
Unity Retail 0553,Sundry Debtors,0,Dr,09BCWWI1032T9ZP,Uttar Pradesh,Hyderabad
Pioneer Industries 0554,Sundry Debtors,0,Cr,33PKYAH7124M2Z0,Tamil Nadu,Kolkata
Ishaan Chowdhury 0555,Sundry Creditors,0,Dr,27VBWKI7046P5ZH,Maharashtra,Indore
Deepak Rao 0556,Sundry Debtors,0,Cr,09GYTVV8487A3ZK,Uttar Pradesh,Lucknow
Meera Das 0557,Sundry Creditors,0,Dr,,Telangana,Mumbai
Orbit Exports 0558,Sundry Debtors,0,Dr,36ADDQW5342Q1Z4,Telangana,Hyderabad
Star Enterprises 0559,Sundry Debtors,0,Cr,32NINBC5614E2ZI,Kerala,Bhopal
Ira Bose 0560,Sundry Debtors,65228.7,Cr,32TFVFL9480J2ZP,Kerala,Nagpur
Apex Trading Co 0561,Sundry Creditors,0,Dr,36ZTDFY5768H7Z1,Telangana,Mumbai
Orbit Retail 0562,Sundry Debtors,0,Cr,24XFBPO5310G6Z9,Gujarat,Kolkata
Bharat Traders 0563,Sundry Debtors,61639.64,Cr,,West Bengal,Coimbatore
Global Wholesale 0564,Sundry Debtors,0,Dr,32STTGM7019R8ZG,Kerala,Bhopal
Myra Das 0565,Sundry Debtors,0,Dr,,West Bengal,Ahmedabad
Ira Kumar 0566,Sundry Debtors,0,Dr,19XFXSB2859G5ZL,West Bengal,Pune
Star Industries 0567,Sundry Creditors,89162.76,Dr,36TGIDH7390M6Z8,Telangana,Mumbai
Ananya Kulkarni 0568,Sundry Debtors,0,Dr,36CGFWM1276U6Z5,Telangana,Chennai
Apex Marketing 0569,Sundry Debtors,22204.54,Dr,09MISKZ8938U3ZE,Uttar Pradesh,Hyderabad
Prime Wholesale 0570,Sundry Creditors,0,Dr,,Kerala,Jaipur
Nikhil Kumar 0571,Sundry Debtors,65976.99,Dr,32XHZGT8622H4ZD,Kerala,Chennai
Sai Desai 0572,Sundry Debtors,86036.22,Cr,07PDPYN6105T2ZC,Delhi,Bengaluru
Everest Distributors 0573,Sundry Creditors,0,Dr,32HCOLZ7751A8ZN,Kerala,Lucknow
Deepak Gupta 0574,Sundry Debtors,73789.95,Dr,08KRRBX3032A5ZA,Rajasthan,Mumbai
Shakti Enterprises 0575,Sundry Debtors,0,Dr,29SSBHG9925X3ZF,Karnataka,Bhopal
Ganga & Sons 0576,Sundry Debtors,64501.15,Dr,33CXCKK7216W4Z2,Tamil Nadu,Mumbai
Amit Gupta 0577,Sundry Debtors,0,Cr,07FAJRX3160U3ZV,Delhi,Coimbatore
Reyansh Shah 0578,Sundry Creditors,0,Cr,,Rajasthan,Chennai
Deepak Gupta 0579,Sundry Debtors,0,Cr,09YAYMZ9018O6ZD,Uttar Pradesh,Surat
Prime Industries 0580,Sundry Debtors,0,Cr,,Telangana,Ahmedabad
Royal Traders 0581,Sundry Debtors,0,Cr,,Punjab,Jaipur
Star Wholesale 0582,Sundry Debtors,0,Dr,27UPLPX1161N1ZL,Maharashtra,Pune
Nikhil Reddy 0583,Sundry Debtors,0,Cr,27QQOQP3387J2ZI,Maharashtra,Hyderabad
Bharat Wholesale 0584,Sundry Creditors,0,Dr,29GESMO4413A1Z9,Karnataka,Hyderabad
Vertex Agencies 0585,Sundry Debtors,29382.59,Dr,33KCOQF0327B2ZM,Tamil Nadu,Indore
Vivaan Das 0586,Sundry Debtors,0,Dr,,Karnataka,Pune
Ira Reddy 0587,Sundry Creditors,0,Cr,23WIRMM7122I2ZZ,Madhya Pradesh,Pune
Nova Distributors 0588,Sundry Debtors,35747.47,Dr,,Tamil Nadu,Chennai
Meera Mehta 0589,Sundry Debtors,0,Cr,32RTHLR2120Z2Z7,Kerala,Jaipur
Priya Chowdhury 0590,Sundry Debtors,0,Cr,08JNREB9952C2ZT,Rajasthan,Ahmedabad
Vertex Retail 0591,Sundry Debtors,0,Cr,,Delhi,Delhi
Nova Distributors 0592,Sundry Creditors,0,Dr,,West Bengal,Delhi
Orbit Enterprises 0593,Sundry Debtors,41045.6,Dr,24VZCHP1625N5ZF,Gujarat,Lucknow
Metro Industries 0594,Sundry Debtors,0,Dr,23FUWQV8890Z6ZJ,Madhya Pradesh,Jaipur
Anjali Pillai 0595,Sundry Debtors,0,Cr,27YJQTO3121Y4ZS,Maharashtra,Bhopal
Aarav Das 0596,Sundry Debtors,0,Cr,23IHNSP7673E2Z8,Madhya Pradesh,Coimbatore
Apex Distributors 0597,Sundry Debtors,0,Cr,,Rajasthan,Jaipur
Zenith Wholesale 0598,Sundry Debtors,0,Dr,,Rajasthan,Hyderabad
Ananya Kulkarni 0599,Sundry Debtors,0,Dr,,Uttar Pradesh,Jaipur
Bharat Agencies 0600,Sundry Creditors,0,Cr,23XGPLM8203J8Z2,Madhya Pradesh,Kochi
Everest Solutions 0601,Sundry Creditors,0,Dr,09HLUGS2683E5ZQ,Uttar Pradesh,Kochi
Ganga Wholesale 0602,Sundry Debtors,0,Dr,32MTRDC9318V8Z6,Kerala,Kolkata
Vihaan Patel 0603,Sundry Debtors,73963.65,Cr,09JQWQS4150C8ZI,Uttar Pradesh,Hyderabad
Aadhya Sharma 0604,Sundry Debtors,22963.15,Cr,24YZUVD2863D4ZJ,Gujarat,Nagpur
Shakti Solutions 0605,Sundry Debtors,14329.34,Dr,33YIGPK7973C9ZZ,Tamil Nadu,Lucknow
Royal Retail 0606,Sundry Creditors,0,Cr,,Rajasthan,Bhopal
Vertex Agencies 0607,Sundry Debtors,84070.47,Dr,03LJDHT4879G4ZW,Punjab,Pune
Vertex Agencies 0608,Sundry Creditors,0,Cr,09USPUP5333V3Z6,Uttar Pradesh,Hyderabad
Sai Iyer 0609,Sundry Debtors,0,Dr,27EZTMO2866S8ZL,Maharashtra,Bhopal
Ira Kulkarni 0610,Sundry Debtors,0,Cr,,Karnataka,Delhi
Vihaan Verma 0611,Sundry Debtors,0,Cr,08AIITT7255O6ZA,Rajasthan,Ahmedabad
Pioneer Distributors 0612,Sundry Creditors,87263.27,Cr,27ZRPMA9084Q7ZF,Maharashtra,Jaipur
Crescent Enterprises 0613,Sundry Debtors,63417.83,Cr,33LQUZJ1097W2ZV,Tamil Nadu,Nagpur
Bharat Marketing 0614,Sundry Debtors,2759.04,Dr,09ZEHAQ1239K6Z5,Uttar Pradesh,Delhi
Pari Desai 0615,Sundry Debtors,15707.61,Cr,19IODWP6360L7ZA,West Bengal,Kochi
Crescent Solutions 0616,Sundry Debtors,0,Dr,24IEMCG9450I9Z7,Gujarat,Jaipur
Pioneer Wholesale 0617,Sundry Debtors,0,Cr,24CDPWO2793C6ZT,Gujarat,Surat
Kavya Kulkarni 0618,Sundry Debtors,61358.87,Cr,09AMQUB0887D7ZZ,Uttar Pradesh,Mumbai
Royal Industries 0619,Sundry Debtors,68931.36,Dr,32TKPYX3119Q6ZL,Kerala,Jaipur
Nova Traders 0620,Sundry Debtors,39363.92,Cr,27IPZAO2656N1Z9,Maharashtra,Pune
Karan Mehta 0621,Sundry Debtors,39573.61,Cr,32OUQTO5578O8Z4,Kerala,Pune
Bharat Enterprises 0622,Sundry Creditors,0,Dr,29LNHIP6244N3Z6,Karnataka,Mumbai
Orbit Agencies 0623,Sundry Creditors,0,Dr,,Gujarat,Mumbai
Everest Trading Co 0624,Sundry Debtors,28095.97,Cr,,Rajasthan,Hyderabad
Kavya Das 0625,Sundry Creditors,0,Dr,32WIXGA9014E6ZJ,Kerala,Pune
Ganga Retail 0626,Sundry Debtors,0,Cr,,Telangana,Pune
Metro Retail 0627,Sundry Debtors,0,Dr,36WOHOG8027H5ZO,Telangana,Kolkata
Pioneer Enterprises 0628,Sundry Debtors,0,Cr,19UNLXX9189Z9ZI,West Bengal,Ahmedabad
Sunrise Marketing 0629,Sundry Debtors,50142.72,Cr,27ZSMXC7942W4ZR,Maharashtra,Mumbai
Sneha Kumar 0630,Sundry Debtors,9848.07,Cr,09HZJDL5787G2ZC,Uttar Pradesh,Surat
Aarav Rao 0631,Sundry Debtors,0,Dr,,Karnataka,Indore
Prime Marketing 0632,Sundry Debtors,31548.8,Cr,08QBKUM5030V7ZT,Rajasthan,Bhopal
Arjun Joshi 0633,Sundry Debtors,0,Dr,08KHAJJ1838K9ZY,Rajasthan,Bhopal
Unity Retail 0634,Sundry Creditors,0,Cr,,Karnataka,Kochi
Royal Distributors 0635,Sundry Debtors,32926.41,Cr,33CCTMU1190K1ZK,Tamil Nadu,Bengaluru
Sunrise Enterprises 0636,Sundry Debtors,58056.93,Cr,19WKWVN0559T1ZA,West Bengal,Indore
Sunrise Enterprises 0637,Sundry Debtors,0,Cr,33SVGQH1874G5ZT,Tamil Nadu,Bhopal
Star Marketing 0638,Sundry Debtors,0,Cr,09UDSUO1440V2ZU,Uttar Pradesh,Bhopal
Ananya Chowdhury 0639,Sundry Debtors,0,Dr,,Rajasthan,Bengaluru
Star Marketing 0640,Sundry Creditors,28672.58,Cr,19BWLAP1488A1ZU,West Bengal,Kolkata
Everest Distributors 0641,Sundry Creditors,0,Dr,24YZSSH8900N6ZA,Gujarat,Bengaluru
Neha Chowdhury 0642,Sundry Debtors,81956.24,Cr,36ASUAD2515F1ZR,Telangana,Kolkata
Arjun Joshi 0643,Sundry Creditors,0,Dr,08KKSBP9783W2ZK,Rajasthan,Bhopal
Amit Kumar 0644,Sundry Debtors,0,Cr,,Gujarat,Lucknow
Crescent Industries 0645,Sundry Creditors,0,Dr,03QYPUN8966F9ZY,Punjab,Bhopal
Metro Wholesale 0646,Sundry Debtors,0,Cr,,Punjab,Coimbatore
Pooja Reddy 0647,Sundry Debtors,0,Dr,,Telangana,Coimbatore
Riya Chowdhury 0648,Sundry Debtors,80439.65,Dr,,Delhi,Chennai
Unity Exports 0649,Sundry Creditors,32818.77,Dr,08KERZP4582Q3ZT,Rajasthan,Pune
Apex Enterprises 0650,Sundry Debtors,0,Dr,03BWUKP8504T3ZY,Punjab,Surat
Anjali Nair 0651,Sundry Debtors,24165.9,Dr,32JQZOV5962N7ZW,Kerala,Lucknow
Nova Distributors 0652,Sundry Debtors,76201.92,Cr,,Karnataka,Ahmedabad
Pioneer Distributors 0653,Sundry Debtors,73850.13,Dr,23JBDBR2099B8Z6,Madhya Pradesh,Hyderabad
Nikhil Kumar 0654,Sundry Debtors,15054.65,Dr,32SMPNU0203I9Z0,Kerala,Hyderabad
Krishna Shah 0655,Sundry Debtors,0,Cr,09WYHJW8955M9ZW,Uttar Pradesh,Kolkata
Apex Agencies 0656,Sundry Creditors,0,Dr,09OTPTL6595L6Z3,Uttar Pradesh,Delhi
Rahul Patel 0657,Sundry Creditors,0,Cr,03LOXDI8468D3ZZ,Punjab,Indore
Sunrise Agencies 0658,Sundry Debtors,34536.97,Cr,07UMULG9392V9ZZ,Delhi,Jaipur
Arjun Singh 0659,Sundry Creditors,16609.45,Cr,32PKJOI8998I1ZT,Kerala,Bhopal
Star Marketing 0660,Sundry Debtors,0,Cr,24GJERQ0501K6ZE,Gujarat,Coimbatore
Ishaan Gupta 0661,Sundry Creditors,0,Cr,33XBQDH0046Q9ZA,Tamil Nadu,Jaipur
Pari Verma 0662,Sundry Creditors,0,Dr,19XWNGK1888S9Z0,West Bengal,Kochi
Sunrise Exports 0663,Sundry Creditors,0,Cr,23DHNPI8281H1ZD,Madhya Pradesh,Surat
Royal Traders 0664,Sundry Debtors,1347.19,Cr,,West Bengal,Ahmedabad
Zenith Wholesale 0665,Sundry Debtors,60345.84,Cr,03QIABP9826E2ZN,Punjab,Surat
Aarav Shah 0666,Sundry Debtors,0,Cr,08JHFZY1303G6ZH,Rajasthan,Ahmedabad
Orbit Traders 0667,Sundry Creditors,0,Cr,,Maharashtra,Lucknow
Aditya Singh 0668,Sundry Debtors,0,Cr,08UNVTB9286T2ZR,Rajasthan,Coimbatore
Neha Verma 0669,Sundry Debtors,0,Cr,,Karnataka,Kolkata
Aditya Mehta 0670,Sundry Debtors,4665.19,Cr,24AMTRR7905C7ZE,Gujarat,Hyderabad
Deepak Chowdhury 0671,Sundry Debtors,63970.34,Dr,19CFVZK4174Q4Z3,West Bengal,Coimbatore
Nova Industries 0672,Sundry Creditors,42058.32,Dr,,Rajasthan,Indore
Pioneer Distributors 0673,Sundry Debtors,0,Dr,32EZFPI8606Y7Z5,Kerala,Indore
Zenith Trading Co 0674,Sundry Debtors,52930.7,Dr,,Gujarat,Bhopal
Ishaan Bose 0675,Sundry Creditors,0,Cr,,Tamil Nadu,Nagpur
Shakti Industries 0676,Sundry Creditors,0,Cr,,Telangana,Kochi
Nova Enterprises 0677,Sundry Debtors,17116.88,Cr,27YAXKC6549W6Z8,Maharashtra,Hyderabad
Sunrise Enterprises 0678,Sundry Creditors,0,Dr,,Punjab,Ahmedabad
Unity Agencies 0679,Sundry Debtors,0,Cr,,Tamil Nadu,Coimbatore
Zenith Wholesale 0680,Sundry Debtors,0,Dr,,West Bengal,Kolkata
Sunrise Wholesale 0681,Sundry Debtors,0,Dr,19GQEHW4463F3ZM,West Bengal,Ahmedabad
Neha Singh 0682,Sundry Debtors,0,Dr,29FBBFI5785P4ZL,Karnataka,Lucknow
Apex Trading Co 0683,Sundry Debtors,0,Cr,36XFMYW9065K6ZZ,Telangana,Kolkata
Zenith Solutions 0684,Sundry Debtors,83701.68,Dr,33RIXHG7312H9Z6,Tamil Nadu,Indore
Ishaan Pillai 0685,Sundry Debtors,0,Cr,03KGLSW0083L5ZN,Punjab,Coimbatore
Pari Pillai 0686,Sundry Creditors,0,Dr,07PCDSG1321Z4ZV,Delhi,Delhi
Sunrise Agencies 0687,Sundry Debtors,0,Cr,07FLKPJ9923C9ZJ,Delhi,Kochi
Aadhya Kumar 0688,Sundry Creditors,4364.51,Cr,29PYTEI7515Z7Z7,Karnataka,Ahmedabad
Diya Mehta 0689,Sundry Debtors,0,Dr,,Punjab,Nagpur
Sneha Singh 0690,Sundry Debtors,0,Dr,33VEFCW2690Q1ZI,Tamil Nadu,Pune
Apex Solutions 0691,Sundry Debtors,0,Cr,24AOWPL9780A9ZC,Gujarat,Coimbatore
Shakti Trading Co 0692,Sundry Debtors,0,Dr,33XILVO1069G7ZE,Tamil Nadu,Bhopal
Crescent Industries 0693,Sundry Creditors,12049.11,Cr,33NHLLR9998T7ZO,Tamil Nadu,Delhi
Shakti Distributors 0694,Sundry Creditors,0,Dr,03LIOAH1376S5ZD,Punjab,Bengaluru
Star Trading Co 0695,Sundry Debtors,0,Cr,,West Bengal,Hyderabad
Everest Wholesale 0696,Sundry Debtors,0,Dr,27JEUGK1184X3ZA,Maharashtra,Lucknow
Vertex Distributors 0697,Sundry Debtors,0,Cr,27UEPRH9105Z2ZP,Maharashtra,Chennai
Royal Marketing 0698,Sundry Creditors,60627.65,Cr,23DVOYW2556A3ZE,Madhya Pradesh,Lucknow
Global Wholesale 0699,Sundry Debtors,49270.99,Cr,32IDCHR2699A2ZC,Kerala,Chennai
Pioneer Enterprises 0700,Sundry Debtors,24357.03,Cr,,Uttar Pradesh,Lucknow
Apex & Sons 0701,Sundry Debtors,0,Cr,,Karnataka,Jaipur
Nikhil Bose 0702,Sundry Creditors,0,Dr,19RDTLF9351R1Z0,West Bengal,Ahmedabad
Star Agencies 0703,Sundry Debtors,60841.9,Dr,32XGVKQ2965M3ZC,Kerala,Jaipur
Star & Sons 0704,Sundry Creditors,0,Dr,33KCPSU8004X7ZB,Tamil Nadu,Ahmedabad
Nova Retail 0705,Sundry Debtors,0,Dr,,Kerala,Chennai
Priya Pillai 0706,Sundry Debtors,82760.27,Cr,07DTTNU3350D9ZA,Delhi,Coimbatore
Prime Trading Co 0707,Sundry Debtors,0,Cr,08QPXZF9072U7Z2,Rajasthan,Surat
Nikhil Menon 0708,Sundry Creditors,18615.99,Dr,,Punjab,Lucknow
Saanvi Singh 0709,Sundry Debtors,0,Cr,,Karnataka,Coimbatore
Metro Wholesale 0710,Sundry Debtors,0,Cr,,Maharashtra,Kolkata
Sunrise Exports 0711,Sundry Debtors,0,Dr,03LOOSC2792Q6Z4,Punjab,Chennai
Star Solutions 0712,Sundry Debtors,68303.73,Cr,33TYSSY6551G4ZQ,Tamil Nadu,Surat
Amit Reddy 0713,Sundry Debtors,0,Cr,32PZQMY9303Q4ZR,Kerala,Chennai
Nova Marketing 0714,Sundry Debtors,0,Dr,07DXJEA6407V5Z4,Delhi,Lucknow
Kavya Singh 0715,Sundry Debtors,61040.25,Cr,07XIWEQ3104G5ZV,Delhi,Delhi
Sai Mehta 0716,Sundry Creditors,0,Cr,,Madhya Pradesh,Coimbatore
Saanvi Nair 0717,Sundry Debtors,0,Cr,03CBNJS4901E5ZL,Punjab,Coimbatore
Apex Trading Co 0718,Sundry Debtors,0,Dr,23WMGWO9112G6ZS,Madhya Pradesh,Ahmedabad
Star Exports 0719,Sundry Debtors,0,Cr,,Maharashtra,Ahmedabad
Priya Sharma 0720,Sundry Debtors,0,Cr,27SYVOC8051S9Z8,Maharashtra,Ahmedabad
Meera Das 0721,Sundry Debtors,0,Cr,23JYYVW7858K7ZK,Madhya Pradesh,Hyderabad
Crescent Retail 0722,Sundry Creditors,0,Dr,,Delhi,Lucknow
Ishaan Verma 0723,Sundry Creditors,0,Dr,03CNVOJ5361D1ZK,Punjab,Lucknow
Bharat Exports 0724,Sundry Debtors,0,Cr,27LJSSC5379R5ZQ,Maharashtra,Kochi
Nova Exports 0725,Sundry Creditors,15613.34,Cr,19DWSGY7093G5ZC,West Bengal,Nagpur
Arjun Iyer 0726,Sundry Debtors,50471.86,Dr,09WRYPU1504W4ZS,Uttar Pradesh,Coimbatore
Ishaan Patel 0727,Sundry Debtors,3499.41,Cr,,Uttar Pradesh,Delhi
Myra Verma 0728,Sundry Debtors,0,Cr,,Gujarat,Ahmedabad
Sai Mehta 0729,Sundry Debtors,0,Dr,33KGYSL8981I2Z9,Tamil Nadu,Mumbai
Riya Singh 0730,Sundry Creditors,56052.47,Cr,23YXTKP8934E8ZY,Madhya Pradesh,Bhopal
Crescent & Sons 0731,Sundry Debtors,20756.91,Cr,08WYCHP6534I8Z2,Rajasthan,Mumbai
Nikhil Menon 0732,Sundry Debtors,0,Cr,,Telangana,Kolkata
Orbit Exports 0733,Sundry Creditors,0,Cr,33DMPSY6479E5ZF,Tamil Nadu,Indore
Karan Das 0734,Sundry Creditors,0,Dr,33VZFXZ9187B2Z1,Tamil Nadu,Chennai
Star & Sons 0735,Sundry Debtors,0,Dr,23KLORX5541P2Z1,Madhya Pradesh,Kochi
Saanvi Mehta 0736,Sundry Debtors,0,Dr,,Maharashtra,Indore
Deepak Joshi 0737,Sundry Debtors,0,Cr,29RPLCT4140S5Z2,Karnataka,Coimbatore
Zenith Agencies 0738,Sundry Debtors,0,Dr,07VIOIG1029Q7ZQ,Delhi,Jaipur
Apex Industries 0739,Sundry Debtors,16575.29,Cr,,West Bengal,Kolkata
Apex Distributors 0740,Sundry Debtors,40577.37,Dr,,Kerala,Delhi
Reyansh Iyer 0741,Sundry Debtors,62334.57,Dr,08GCSYL6480V2Z8,Rajasthan,Pune
Pioneer Distributors 0742,Sundry Debtors,0,Dr,,Karnataka,Indore
Pioneer Wholesale 0743,Sundry Debtors,0,Cr,,West Bengal,Mumbai
Ananya Desai 0744,Sundry Creditors,0,Cr,07XPPRH7847A6ZR,Delhi,Pune
Everest Trading Co 0745,Sundry Debtors,0,Cr,07CSVQV0013R6Z4,Delhi,Surat
Zenith Traders 0746,Sundry Debtors,0,Dr,23YQQAB4683Q2ZO,Madhya Pradesh,Surat
Bharat & Sons 0747,Sundry Debtors,0,Cr,32ZXKPO1180X8ZK,Kerala,Pune
Crescent Marketing 0748,Sundry Creditors,0,Cr,03EMGWP7856D6ZD,Punjab,Pune
Sneha Desai 0749,Sundry Debtors,17043.23,Dr,29JFNSH7518T8ZU,Karnataka,Nagpur
Star Industries 0750,Sundry Creditors,0,Dr,27FSCGN0972B6Z7,Maharashtra,Lucknow
Metro Industries 0751,Sundry Debtors,0,Cr,33BVPDS6021B5ZW,Tamil Nadu,Kochi
Ishaan Singh 0752,Sundry Debtors,0,Dr,27MDFEP3516W5ZJ,Maharashtra,Pune
Orbit Retail 0753,Sundry Debtors,33980.11,Cr,24IZHMZ1814Y1ZZ,Gujarat,Coimbatore
Karan Rao 0754,Sundry Debtors,0,Cr,,Kerala,Kochi
Deepak Shah 0755,Sundry Debtors,41149.3,Dr,08QWOST7264U8ZA,Rajasthan,Bengaluru
Ananya Joshi 0756,Sundry Debtors,0,Dr,08NWSQD2652B2ZZ,Rajasthan,Lucknow
Neha Das 0757,Sundry Debtors,52305.12,Cr,08DYDJQ2418K1ZJ,Rajasthan,Mumbai
Neha Kulkarni 0758,Sundry Debtors,0,Cr,,Madhya Pradesh,Kolkata
Aditya Gupta 0759,Sundry Debtors,29304.88,Dr,,Uttar Pradesh,Kochi
Metro & Sons 0760,Sundry Debtors,86884.43,Cr,24ERMWL6982U6ZP,Gujarat,Bengaluru
Global Enterprises 0761,Sundry Debtors,89511.54,Dr,27NNHDY5250T8ZU,Maharashtra,Kolkata
Myra Shah 0762,Sundry Debtors,75458.78,Cr,36AVBDE5390P2ZV,Telangana,Kochi
Sneha Das 0763,Sundry Debtors,0,Cr,,Punjab,Nagpur
Unity Distributors 0764,Sundry Debtors,0,Dr,08PMXDE4319A1ZG,Rajasthan,Jaipur
Unity & Sons 0765,Sundry Debtors,89665.9,Dr,32DAHPX0034H3Z7,Kerala,Lucknow
Bharat Trading Co 0766,Sundry Debtors,69266.31,Dr,,Uttar Pradesh,Surat
Rahul Shah 0767,Sundry Creditors,0,Dr,,Madhya Pradesh,Jaipur
Unity Enterprises 0768,Sundry Creditors,0,Cr,,Tamil Nadu,Pune
Rohan Verma 0769,Sundry Creditors,0,Dr,27QVLGB1766L8ZK,Maharashtra,Indore
Everest Retail 0770,Sundry Debtors,0,Dr,,Madhya Pradesh,Bengaluru
Sunrise Enterprises 0771,Sundry Debtors,0,Cr,33RJKEV1967H7ZF,Tamil Nadu,Ahmedabad
Unity Enterprises 0772,Sundry Debtors,0,Cr,07MNVEH4618O5ZN,Delhi,Coimbatore
Metro & Sons 0773,Sundry Debtors,44998.83,Cr,32LKRLZ5583L9ZT,Kerala,Lucknow
Sai Verma 0774,Sundry Debtors,0,Dr,23XYJVJ9182N4ZA,Madhya Pradesh,Coimbatore
Ira Shah 0775,Sundry Creditors,0,Dr,29UICMR0881W4ZJ,Karnataka,Hyderabad
Unity Retail 0776,Sundry Debtors,0,Dr,08EEOIO7098E6ZK,Rajasthan,Delhi
Star Distributors 0777,Sundry Creditors,13066.84,Cr,03LPJHR2564T8ZO,Punjab,Delhi
Ganga Solutions 0778,Sundry Debtors,82402.09,Dr,03IPPSP5757D5Z9,Punjab,Kolkata
Sunrise Agencies 0779,Sundry Debtors,0,Cr,,Delhi,Coimbatore
Meera Kumar 0780,Sundry Creditors,0,Cr,,Gujarat,Bengaluru
Vertex Trading Co 0781,Sundry Debtors,0,Cr,24TFMAJ8538U2ZY,Gujarat,Hyderabad
Rahul Menon 0782,Sundry Debtors,0,Cr,,Madhya Pradesh,Delhi
Star Marketing 0783,Sundry Debtors,0,Cr,24KWKBF8965V2ZK,Gujarat,Bengaluru
Deepak Kumar 0784,Sundry Debtors,0,Dr,19MKINM6838A6ZN,West Bengal,Nagpur
Global Exports 0785,Sundry Creditors,75204.88,Dr,,Gujarat,Chennai
Shakti Wholesale 0786,Sundry Creditors,14765.69,Cr,07OLMGU7077L1ZV,Delhi,Lucknow
Sunrise Agencies 0787,Sundry Creditors,59651.26,Dr,23LHHVN0647J2ZZ,Madhya Pradesh,Indore
Anjali Joshi 0788,Sundry Debtors,0,Dr,03PMIGX9729V9ZP,Punjab,Ahmedabad
Pooja Verma 0789,Sundry Creditors,0,Cr,03LBKXT1697S7Z1,Punjab,Delhi
Priya Iyer 0790,Sundry Debtors,0,Dr,,Kerala,Mumbai
Ganga Agencies 0791,Sundry Creditors,0,Cr,27ZBSCP5025D9Z4,Maharashtra,Bhopal
Nova & Sons 0792,Sundry Debtors,0,Cr,07VFAPZ2719D9ZC,Delhi,Kochi
Ganga Solutions 0793,Sundry Creditors,0,Cr,29IWVIZ4446X8Z9,Karnataka,Mumbai
Everest Traders 0794,Sundry Creditors,0,Cr,29LPLRK6085Q1Z6,Karnataka,Mumbai
Saanvi Nair 0795,Sundry Debtors,0,Cr,33NIVTB6753L6ZT,Tamil Nadu,Indore
Global Distributors 0796,Sundry Debtors,41812.43,Cr,27UOOUA6864G1ZO,Maharashtra,Mumbai
Zenith Agencies 0797,Sundry Creditors,0,Dr,03BSPUM0345N1ZQ,Punjab,Hyderabad
Aadhya Patel 0798,Sundry Debtors,40530.77,Cr,07ZOXCT5617T4ZS,Delhi,Nagpur
Star Trading Co 0799,Sundry Debtors,0,Cr,07OGSDB6949G9Z0,Delhi,Mumbai
Shakti Distributors 0800,Sundry Debtors,66291.91,Cr,23MFQEP6197N1ZI,Madhya Pradesh,Jaipur
Neha Mehta 0801,Sundry Debtors,0,Dr,36JRPZI7161M1ZX,Telangana,Lucknow
Rohan Iyer 0802,Sundry Debtors,62769.49,Cr,36JAAQY0632O2ZI,Telangana,Kochi
Shakti Trading Co 0803,Sundry Creditors,0,Dr,24URWXB1461G8ZG,Gujarat,Chennai
Diya Shah 0804,Sundry Debtors,0,Dr,,Delhi,Hyderabad
Vertex Traders 0805,Sundry Debtors,0,Cr,29OJZGB6707S8ZA,Karnataka,Ahmedabad
Bharat Distributors 0806,Sundry Creditors,0,Cr,,Karnataka,Lucknow
Nova Marketing 0807,Sundry Debtors,0,Cr,23IFCSY4329M7Z8,Madhya Pradesh,Lucknow
Deepak Desai 0808,Sundry Debtors,0,Cr,32GYDMP1405N1Z5,Kerala,Jaipur
Everest & Sons 0809,Sundry Debtors,66978.81,Dr,08DFUOJ5316Z6ZT,Rajasthan,Kolkata
Amit Joshi 0810,Sundry Debtors,0,Cr,19JXIEV8453M7ZD,West Bengal,Nagpur
Ganga Wholesale 0811,Sundry Debtors,0,Dr,09KHDOE5350U8Z9,Uttar Pradesh,Surat
Diya Reddy 0812,Sundry Creditors,0,Dr,27NJZYY6705A5ZO,Maharashtra,Nagpur
Sneha Desai 0813,Sundry Debtors,0,Dr,33SAYZA2728Q8Z5,Tamil Nadu,Mumbai
Vihaan Verma 0814,Sundry Creditors,79911.64,Cr,33XDYHL5143A7ZV,Tamil Nadu,Bhopal
Zenith & Sons 0815,Sundry Debtors,0,Cr,03GJHOG9660K7ZE,Punjab,Ahmedabad
Royal Agencies 0816,Sundry Debtors,49591.15,Cr,23IOCTQ8746J8ZR,Madhya Pradesh,Indore
Metro Solutions 0817,Sundry Creditors,0,Cr,09EKXYJ1961P8ZB,Uttar Pradesh,Pune
Unity Traders 0818,Sundry Creditors,62568.58,Dr,,Gujarat,Ahmedabad
Everest Wholesale 0819,Sundry Creditors,5875.87,Cr,33YOBON4751N8ZI,Tamil Nadu,Bengaluru
Star Retail 0820,Sundry Debtors,57604.69,Cr,19ODQXB4458K8Z1,West Bengal,Jaipur
Karan Singh 0821,Sundry Debtors,0,Cr,,Rajasthan,Ahmedabad
Global Industries 0822,Sundry Debtors,0,Cr,29DGBMT0688A5ZP,Karnataka,Coimbatore
Royal Distributors 0823,Sundry Debtors,38547.16,Cr,,Madhya Pradesh,Indore
Ishaan Bose 0824,Sundry Debtors,0,Cr,27FIFOL0138J8Z8,Maharashtra,Pune
Priya Shah 0825,Sundry Debtors,0,Cr,,West Bengal,Ahmedabad
Shakti Industries 0826,Sundry Creditors,74581.58,Dr,27QXLEM9900S2ZW,Maharashtra,Kochi
Pari Menon 0827,Sundry Debtors,77130.61,Dr,36XDPPK4908W4ZE,Telangana,Surat
Vihaan Sharma 0828,Sundry Debtors,0,Cr,09HHHNI7745G6ZE,Uttar Pradesh,Hyderabad
Crescent Industries 0829,Sundry Debtors,0,Dr,,Telangana,Coimbatore
Metro Exports 0830,Sundry Debtors,50512.53,Cr,19YKBBN6310B8Z4,West Bengal,Ahmedabad
Myra Reddy 0831,Sundry Debtors,0,Cr,19XJNQJ7507G3ZC,West Bengal,Lucknow
Shakti Exports 0832,Sundry Debtors,16693.96,Cr,,Punjab,Bengaluru
Unity Distributors 0833,Sundry Creditors,2692.07,Dr,36ZBDYY4135T3ZY,Telangana,Pune
Star Agencies 0834,Sundry Creditors,43003.73,Dr,32BGFPK9132V4ZI,Kerala,Bengaluru
Nikhil Sharma 0835,Sundry Creditors,53110.74,Cr,32LVHGD0322P3ZE,Kerala,Bengaluru
Priya Kumar 0836,Sundry Debtors,8113.29,Cr,07RHVQO9332O5ZO,Delhi,Nagpur
Nova Exports 0837,Sundry Creditors,0,Dr,08NSMKE5467F1ZT,Rajasthan,Hyderabad
Sneha Menon 0838,Sundry Debtors,80307.46,Cr,,West Bengal,Bhopal
Arjun Verma 0839,Sundry Debtors,0,Dr,27USZDK1674Y1ZO,Maharashtra,Bengaluru
Orbit Marketing 0840,Sundry Creditors,0,Cr,19JMFVP7302Z5ZW,West Bengal,Coimbatore
Sneha Verma 0841,Sundry Debtors,43002.88,Dr,23ZWCUN1895A6ZA,Madhya Pradesh,Hyderabad
Global Distributors 0842,Sundry Debtors,0,Dr,,West Bengal,Mumbai
Nikhil Chowdhury 0843,Sundry Creditors,0,Dr,27CNHYQ2845X5ZH,Maharashtra,Nagpur
Saanvi Menon 0844,Sundry Creditors,69860.31,Cr,32WWYIK3746I7ZT,Kerala,Coimbatore
Karan Rao 0845,Sundry Creditors,0,Dr,,Maharashtra,Jaipur
Aarav Chowdhury 0846,Sundry Debtors,0,Cr,32FPLNH8293K8ZH,Kerala,Bengaluru
Star Agencies 0847,Sundry Debtors,39281.13,Cr,29GIVNM9926L5ZC,Karnataka,Pune
Everest Exports 0848,Sundry Debtors,0,Dr,32XVVXN7719X6ZX,Kerala,Surat
Prime Retail 0849,Sundry Debtors,0,Dr,,Delhi,Delhi
Orbit Solutions 0850,Sundry Debtors,36674.64,Cr,,Delhi,Nagpur
Rahul Kumar 0851,Sundry Debtors,0,Cr,03FROLQ9078L8ZU,Punjab,Surat
Nova & Sons 0852,Sundry Debtors,0,Dr,29QJOIM2957C9ZI,Karnataka,Lucknow
Everest Enterprises 0853,Sundry Creditors,0,Cr,29HYEKF9702X5ZQ,Karnataka,Indore
Pioneer Enterprises 0854,Sundry Creditors,60463.33,Dr,23EEQKT3981Q5Z9,Madhya Pradesh,Ahmedabad
Sunrise Solutions 0855,Sundry Creditors,0,Cr,32VDFYN4856R2ZT,Kerala,Nagpur
Ishaan Nair 0856,Sundry Debtors,0,Cr,08LJUZE0319E9Z2,Rajasthan,Nagpur
Pari Pillai 0857,Sundry Creditors,18873.21,Dr,23CYUVY9599R2ZG,Madhya Pradesh,Bengaluru
Ganga Marketing 0858,Sundry Debtors,0,Cr,24ZBRFU1363Z2ZL,Gujarat,Mumbai
Sunrise Traders 0859,Sundry Debtors,0,Cr,27KIMFR5279W9ZS,Maharashtra,Delhi
Bharat Solutions 0860,Sundry Debtors,47816.28,Dr,,Rajasthan,Kochi
Crescent Enterprises 0861,Sundry Debtors,0,Cr,09ZEULX3510M8ZG,Uttar Pradesh,Kochi
Meera Chowdhury 0862,Sundry Creditors,0,Dr,03KSFNV1730A5Z2,Punjab,Pune
Metro Marketing 0863,Sundry Debtors,19584.26,Cr,03GOBAL7108R3Z0,Punjab,Jaipur
Pooja Rao 0864,Sundry Debtors,0,Cr,19STODJ6788F1ZE,West Bengal,Bhopal
Zenith Distributors 0865,Sundry Debtors,49697.91,Dr,08RHIFJ4636D1ZK,Rajasthan,Lucknow
Global Trading Co 0866,Sundry Creditors,0,Dr,03WDVIW6786F2Z1,Punjab,Surat
Star Solutions 0867,Sundry Debtors,53027.9,Cr,08GKMZC7627W7Z4,Rajasthan,Indore
Star Enterprises 0868,Sundry Debtors,0,Cr,24OETFX3815R8ZL,Gujarat,Bengaluru
Apex Solutions 0869,Sundry Creditors,0,Dr,23BMFEF7424X5ZF,Madhya Pradesh,Lucknow
Ganga Solutions 0870,Sundry Debtors,0,Cr,32OAVJC6235M8ZI,Kerala,Kochi
Anjali Sharma 0871,Sundry Creditors,56234.54,Dr,23LTNEV6652K8ZP,Madhya Pradesh,Delhi
Nova Retail 0872,Sundry Debtors,24916.67,Cr,09UBRLX9716D8Z5,Uttar Pradesh,Ahmedabad
Crescent Traders 0873,Sundry Creditors,0,Dr,,Maharashtra,Lucknow
Nova Enterprises 0874,Sundry Debtors,0,Cr,27NYXIY5159D8ZB,Maharashtra,Indore
Reyansh Pillai 0875,Sundry Debtors,0,Dr,36KOUXA7447S4ZN,Telangana,Hyderabad
Shakti Retail 0876,Sundry Debtors,0,Cr,27BAYGW8877B4Z9,Maharashtra,Hyderabad
Sunrise Retail 0877,Sundry Creditors,0,Cr,36ZTAUC9291C3Z4,Telangana,Delhi
Vertex Industries 0878,Sundry Debtors,0,Cr,27CLMYX3387O4ZH,Maharashtra,Mumbai
Saanvi Bose 0879,Sundry Creditors,0,Cr,29FINTF3678Y4Z6,Karnataka,Chennai
Orbit Industries 0880,Sundry Creditors,0,Dr,,Uttar Pradesh,Delhi
Karan Rao 0881,Sundry Debtors,26219.76,Cr,19BGYST6468R2Z3,West Bengal,Coimbatore
Rahul Pillai 0882,Sundry Creditors,55536.75,Cr,09TMWQR2617I4ZA,Uttar Pradesh,Surat
Kavya Gupta 0883,Sundry Debtors,0,Cr,,Uttar Pradesh,Kolkata
Pioneer Wholesale 0884,Sundry Debtors,0,Dr,,Tamil Nadu,Indore
Neha Gupta 0885,Sundry Debtors,71527.99,Cr,29FPKPX8761W9Z8,Karnataka,Bhopal
Neha Singh 0886,Sundry Debtors,0,Dr,32LAXPK9423A6Z5,Kerala,Delhi
Ananya Shah 0887,Sundry Debtors,81461.65,Dr,33BWBZP3111X2ZN,Tamil Nadu,Chennai
Crescent Retail 0888,Sundry Debtors,0,Dr,,Kerala,Bengaluru
Metro Marketing 0889,Sundry Debtors,70297.56,Dr,24LJYTX6788I5ZQ,Gujarat,Nagpur
Metro Exports 0890,Sundry Debtors,0,Cr,,Delhi,Hyderabad
Vihaan Iyer 0891,Sundry Debtors,0,Dr,,Kerala,Indore
Priya Chowdhury 0892,Sundry Debtors,20166.99,Cr,09BBYYN0336B7ZO,Uttar Pradesh,Kochi
Global Wholesale 0893,Sundry Debtors,0,Dr,23FEOLO0022D9ZS,Madhya Pradesh,Lucknow
Ganga Agencies 0894,Sundry Creditors,33644.51,Cr,32ZAEKA4568E1ZY,Kerala,Coimbatore
Rahul Nair 0895,Sundry Debtors,52741.81,Cr,,Gujarat,Lucknow
Everest Agencies 0896,Sundry Debtors,0,Dr,27VGTKL0978J1ZW,Maharashtra,Surat
Orbit Enterprises 0897,Sundry Creditors,48481.78,Dr,27IBUEQ1649O1Z0,Maharashtra,Surat
Apex Trading Co 0898,Sundry Creditors,0,Dr,03ZSRLI0201Q8ZM,Punjab,Kolkata
Star Industries 0899,Sundry Debtors,45884.99,Cr,,Kerala,Indore
Vertex Traders 0900,Sundry Debtors,0,Dr,24KITWI6413B6Z7,Gujarat,Indore
Zenith Exports 0901,Sundry Debtors,0,Dr,,Rajasthan,Mumbai
Vertex Industries 0902,Sundry Debtors,0,Dr,29HMPZV0751R6Z6,Karnataka,Mumbai
Pioneer Agencies 0903,Sundry Debtors,62605.57,Cr,,Maharashtra,Nagpur
Bharat Solutions 0904,Sundry Creditors,0,Dr,33YYTPW2927P6ZQ,Tamil Nadu,Hyderabad
Unity Agencies 0905,Sundry Debtors,74337.96,Cr,33JBIZL7702J2ZT,Tamil Nadu,Kochi
Bharat & Sons 0906,Sundry Creditors,0,Cr,09YPFOX1557V4ZL,Uttar Pradesh,Indore
Ganga Enterprises 0907,Sundry Creditors,0,Dr,33JVFVU0485T6ZU,Tamil Nadu,Bengaluru
Sneha Mehta 0908,Sundry Debtors,0,Dr,36BEBEJ0728G4ZN,Telangana,Mumbai
Ganga Industries 0909,Sundry Debtors,81947.36,Cr,08QYIHS0945D5ZS,Rajasthan,Mumbai
Arjun Nair 0910,Sundry Debtors,0,Cr,36IZEJW9981O7Z7,Telangana,Jaipur
Royal Solutions 0911,Sundry Creditors,0,Dr,24DFSHZ5539R6Z4,Gujarat,Nagpur
Pioneer Retail 0912,Sundry Creditors,0,Cr,32FUVBC9386O5ZX,Kerala,Chennai
Pooja Kumar 0913,Sundry Debtors,11700.4,Dr,32AFXNY6451W6Z2,Kerala,Surat
Shakti Retail 0914,Sundry Creditors,0,Dr,03PMZPC3790V6ZM,Punjab,Ahmedabad
Arjun Verma 0915,Sundry Debtors,0,Dr,09KOLMG4655C2ZM,Uttar Pradesh,Delhi
Global Industries 0916,Sundry Debtors,0,Cr,08INWIW8965Z1ZC,Rajasthan,Chennai
Saanvi Mehta 0917,Sundry Creditors,3449.81,Cr,19CVIST5941K1ZQ,West Bengal,Pune
Zenith Marketing 0918,Sundry Debtors,0,Cr,09CFLTI1596D3ZO,Uttar Pradesh,Jaipur
Amit Reddy 0919,Sundry Debtors,0,Dr,,Tamil Nadu,Nagpur
Neha Bose 0920,Sundry Creditors,0,Dr,,Madhya Pradesh,Chennai
Sai Menon 0921,Sundry Debtors,73787.49,Cr,32GZAJK9084P7ZO,Kerala,Kolkata
Vihaan Patel 0922,Sundry Creditors,13115.84,Dr,36RHGTF8742Q9ZA,Telangana,Mumbai
Ganga Retail 0923,Sundry Debtors,67354.01,Dr,19YCKAA3971P4ZS,West Bengal,Bhopal
Pioneer Traders 0924,Sundry Debtors,0,Cr,29UOFQT8365O5ZL,Karnataka,Indore
Pioneer Wholesale 0925,Sundry Debtors,41607.83,Cr,09GIJZS6277T3ZP,Uttar Pradesh,Mumbai
Aditya Patel 0926,Sundry Debtors,44923.75,Dr,,Tamil Nadu,Ahmedabad
Sneha Reddy 0927,Sundry Debtors,0,Dr,36ZWVHU2876T9ZQ,Telangana,Ahmedabad
Priya Kumar 0928,Sundry Debtors,0,Dr,03OYDPJ1757P8ZA,Punjab,Mumbai
Shakti Industries 0929,Sundry Debtors,0,Dr,19OZBLZ4006F3ZQ,West Bengal,Lucknow
Crescent Exports 0930,Sundry Creditors,43040.46,Dr,,Punjab,Kolkata
Aarav Menon 0931,Sundry Creditors,0,Cr,27CDBOY6142D3ZO,Maharashtra,Lucknow
Metro Exports 0932,Sundry Debtors,0,Dr,03UDASL4013P2ZE,Punjab,Delhi
Star Wholesale 0933,Sundry Debtors,65705.18,Cr,08GYBCN5034Q4ZA,Rajasthan,Indore
Apex Agencies 0934,Sundry Creditors,2574.76,Dr,19QJOIE6860B8ZZ,West Bengal,Mumbai
Vertex Trading Co 0935,Sundry Debtors,76464.93,Cr,07CFEEY2184I5Z7,Delhi,Delhi
Prime Retail 0936,Sundry Debtors,0,Dr,19JJTRG6897K1ZQ,West Bengal,Ahmedabad
Rohan Bose 0937,Sundry Debtors,0,Cr,07MBNAZ8607B5ZN,Delhi,Surat
Ganga Agencies 0938,Sundry Debtors,0,Cr,33CMDJC9159K2Z6,Tamil Nadu,Coimbatore
Rahul Kulkarni 0939,Sundry Debtors,86434.64,Dr,08GCDLW3954O2ZC,Rajasthan,Indore
Rohan Verma 0940,Sundry Debtors,0,Cr,,Tamil Nadu,Kolkata
Meera Reddy 0941,Sundry Creditors,63791.35,Cr,23YFZYE4894I7Z3,Madhya Pradesh,Coimbatore
Bharat Distributors 0942,Sundry Creditors,0,Cr,08EQHDF4837N4Z5,Rajasthan,Bhopal
Vertex Marketing 0943,Sundry Debtors,0,Cr,,Kerala,Bhopal
Royal Traders 0944,Sundry Creditors,81670.38,Cr,08BQJMG9298E6ZN,Rajasthan,Bhopal
Pioneer Distributors 0945,Sundry Creditors,0,Dr,,Rajasthan,Coimbatore
Pooja Das 0946,Sundry Debtors,0,Dr,08IEALD6354D8Z2,Rajasthan,Coimbatore
Diya Desai 0947,Sundry Debtors,25985.86,Dr,,Gujarat,Bengaluru
Vertex Wholesale 0948,Sundry Creditors,0,Dr,09RFEFZ2426W8Z0,Uttar Pradesh,Bengaluru
Aditya Das 0949,Sundry Debtors,0,Dr,33PVBNG9639R8ZA,Tamil Nadu,Bengaluru
Karan Reddy 0950,Sundry Debtors,0,Dr,08KVBDH0725S6ZK,Rajasthan,Indore
Myra Menon 0951,Sundry Debtors,0,Cr,,Uttar Pradesh,Delhi
Sunrise & Sons 0952,Sundry Debtors,47963.08,Cr,32OZWJS9441X8ZD,Kerala,Kochi
Apex Exports 0953,Sundry Debtors,22914.83,Dr,,Tamil Nadu,Delhi
Nikhil Bose 0954,Sundry Creditors,0,Cr,32GPJYX7519M2Z8,Kerala,Kolkata
Neha Nair 0955,Sundry Debtors,0,Cr,24BHAQT6776I7ZL,Gujarat,Bhopal
Orbit Agencies 0956,Sundry Debtors,0,Dr,,Karnataka,Kolkata
Global Solutions 0957,Sundry Debtors,64042.01,Dr,33MVWCC5552D7Z8,Tamil Nadu,Bhopal
Apex Retail 0958,Sundry Creditors,0,Cr,,Rajasthan,Mumbai
Karan Sharma 0959,Sundry Debtors,0,Dr,24WWYHT1263P4ZZ,Gujarat,Coimbatore
Global Agencies 0960,Sundry Debtors,28152.87,Cr,36CTJWL6184T6ZS,Telangana,Kolkata
Pari Kumar 0961,Sundry Creditors,0,Cr,09UJBKZ3125A6ZH,Uttar Pradesh,Indore
Aadhya Chowdhury 0962,Sundry Creditors,0,Cr,36IEAFC7767J2ZC,Telangana,Hyderabad
Global Retail 0963,Sundry Debtors,0,Dr,27UORIV5245S2Z0,Maharashtra,Lucknow
Ira Rao 0964,Sundry Debtors,0,Cr,08NFXAU1894I3ZK,Rajasthan,Bhopal
Ishaan Gupta 0965,Sundry Debtors,0,Cr,,Gujarat,Ahmedabad
Orbit Wholesale 0966,Sundry Creditors,0,Cr,23QASGR6607M7ZR,Madhya Pradesh,Lucknow
Ananya Reddy 0967,Sundry Debtors,0,Cr,08MXBLG9827C1Z9,Rajasthan,Delhi
Ishaan Rao 0968,Sundry Debtors,0,Dr,29OWWYM9275U4Z2,Karnataka,Kolkata
Saanvi Menon 0969,Sundry Creditors,0,Dr,36QIZWE2111V9ZK,Telangana,Surat
Royal Distributors 0970,Sundry Creditors,0,Cr,,Tamil Nadu,Lucknow
Prime Trading Co 0971,Sundry Debtors,14271.82,Dr,29XDFXR1242J1Z7,Karnataka,Mumbai
Deepak Sharma 0972,Sundry Debtors,89466.21,Dr,27DBOJW6706J3Z9,Maharashtra,Coimbatore
Vivaan Joshi 0973,Sundry Debtors,0,Dr,,West Bengal,Delhi
Pioneer Enterprises 0974,Sundry Creditors,0,Cr,29PQDJS5388D4ZI,Karnataka,Bhopal
Global Wholesale 0975,Sundry Creditors,0,Dr,33FBTDU6460S7ZS,Tamil Nadu,Ahmedabad
Apex Exports 0976,Sundry Creditors,0,Cr,29JMZIC5941G1Z0,Karnataka,Kolkata
Anjali Patel 0977,Sundry Creditors,0,Dr,,Uttar Pradesh,Delhi
Vivaan Bose 0978,Sundry Creditors,1081.78,Cr,32SAMHX3115F9Z0,Kerala,Kolkata
Pioneer Wholesale 0979,Sundry Debtors,0,Cr,19JGQAB6740X5Z2,West Bengal,Jaipur
Kavya Verma 0980,Sundry Debtors,0,Dr,08FRNSJ3525T9ZP,Rajasthan,Pune
Apex Distributors 0981,Sundry Debtors,0,Dr,19IXKFJ3339M4Z6,West Bengal,Chennai
Bharat Agencies 0982,Sundry Debtors,0,Cr,09NZJKN0644X1ZN,Uttar Pradesh,Ahmedabad
Vivaan Bose 0983,Sundry Debtors,0,Cr,,Delhi,Surat
Prime Exports 0984,Sundry Creditors,0,Dr,,Rajasthan,Hyderabad
Sneha Menon 0985,Sundry Debtors,0,Dr,07FSQHB9848E9ZA,Delhi,Indore
Aadhya Mehta 0986,Sundry Creditors,48017.3,Dr,09JIAQZ2972Q5ZL,Uttar Pradesh,Surat
Nikhil Verma 0987,Sundry Debtors,0,Dr,24AACCA4857J8ZT,Gujarat,Indore
Reyansh Rao 0988,Sundry Debtors,0,Cr,32FGWST2727Y2Z2,Kerala,Bengaluru
Shakti Enterprises 0989,Sundry Creditors,0,Cr,,Kerala,Jaipur
Orbit Exports 0990,Sundry Debtors,0,Cr,32UGBIE3750V8Z1,Kerala,Kochi
Orbit Enterprises 0991,Sundry Debtors,0,Cr,09HPHVA3882W2ZD,Uttar Pradesh,Hyderabad
Nikhil Patel 0992,Sundry Debtors,0,Cr,09EFRDW0086J5ZM,Uttar Pradesh,Kochi
Rohan Reddy 0993,Sundry Creditors,0,Cr,09CFWMW4699G4ZJ,Uttar Pradesh,Bhopal
Pioneer Agencies 0994,Sundry Debtors,0,Cr,24LFXYU5873S3ZH,Gujarat,Kochi
Ganga Exports 0995,Sundry Debtors,0,Dr,32FWGDK9107H1ZD,Kerala,Indore
Sneha Patel 0996,Sundry Debtors,0,Dr,23NRWUU2450S3ZK,Madhya Pradesh,Kochi
Royal Trading Co 0997,Sundry Debtors,0,Cr,,Madhya Pradesh,Nagpur
Nova Traders 0998,Sundry Debtors,0,Cr,19UHXUK6121X8ZN,West Bengal,Jaipur
Kavya Pillai 0999,Sundry Debtors,0,Dr,29QLMBG8789O6ZZ,Karnataka,Kolkata
Bharat Retail 1000,Sundry Debtors,0,Cr,36VBKFT4593V4ZF,Telangana,Jaipur
