Item Name,Base Units,Under,HSN Code,GST Rate,Opening Qty,Opening Rate
Yoga Mat - Variant 001,Pcs,Finished Goods,39181090,18,339,936.11
Bedsheet Double - Variant 002,Set,Finished Goods,63041930,12,155,152.2
Bluetooth Speaker - Variant 003,Kg,Finished Goods,85182200,18,119,2614.71
Wall Clock - Variant 004,Set,Finished Goods,91051900,18,57,1765.18
Almonds 500g - Variant 005,Set,Finished Goods,08021200,12,92,1176.27
Bedsheet Double - Variant 006,Pack,Finished Goods,63041930,12,253,630.34
Ceramic Mug - Variant 007,Box,Finished Goods,69120010,12,158,1983.7
Basmati Rice 5kg - Variant 008,Pack,Finished Goods,10063020,5,352,693.21
Wall Clock - Variant 009,Nos,Finished Goods,91051900,18,23,1401.7
Extension Board - Variant 010,Nos,Finished Goods,85366990,18,326,135.07
LED Bulb 9W - Variant 011,Pack,Finished Goods,85395000,12,164,162.41
Green Tea - Variant 012,Set,Finished Goods,09102090,18,74,918.99
Ball Pen - Variant 013,Pack,Finished Goods,96081019,18,282,552.73
Almonds 500g - Variant 014,Set,Finished Goods,08021200,12,436,584.84
Cotton T-Shirt - Variant 015,Nos,Finished Goods,61091000,5,152,1173.64
Wall Clock - Variant 016,Box,Finished Goods,91051900,18,217,460.21
Green Tea - Variant 017,Pcs,Finished Goods,09102090,18,102,1660.84
Bluetooth Speaker - Variant 018,Pack,Finished Goods,85182200,18,344,2712.65
USB Cable - Variant 019,Nos,Finished Goods,85444299,18,466,2118.87
Bedsheet Double - Variant 020,Box,Finished Goods,63041930,12,194,1030.85
Cotton T-Shirt - Variant 021,Kg,Finished Goods,61091000,5,333,2484.26
Denim Jeans - Variant 022,Box,Finished Goods,62034200,12,287,2995.03
Extension Board - Variant 023,Nos,Finished Goods,85366990,18,89,376.93
Turmeric Powder - Variant 024,Pack,Finished Goods,09103020,5,54,900.79
Ball Pen - Variant 025,Pcs,Finished Goods,96081019,18,219,1304.46
Wall Clock - Variant 026,Pack,Finished Goods,91051900,18,193,2780.66
Yoga Mat - Variant 027,Set,Finished Goods,39181090,18,359,2287.08
Notebook A5 - Variant 028,Box,Finished Goods,48201010,12,94,1968.74
Cotton T-Shirt - Variant 029,Kg,Finished Goods,61091000,5,422,582.41
Yoga Mat - Variant 030,Kg,Finished Goods,39181090,18,471,119.13
Cotton T-Shirt - Variant 031,Pack,Finished Goods,61091000,5,309,2248.65
Notebook A5 - Variant 032,Pcs,Finished Goods,48201010,12,305,1997.15
Extension Board - Variant 033,Box,Finished Goods,85366990,18,339,1937.86
Bluetooth Speaker - Variant 034,Set,Finished Goods,85182200,18,131,1607.91
Wall Clock - Variant 035,Nos,Finished Goods,91051900,18,7,2520.21
Turmeric Powder - Variant 036,Box,Finished Goods,09103020,5,415,1600.6
USB Cable - Variant 037,Pcs,Finished Goods,85444299,18,65,743.22
LED Bulb 9W - Variant 038,Nos,Finished Goods,85395000,12,456,596.96
Extension Board - Variant 039,Pcs,Finished Goods,85366990,18,261,1987.61
Ball Pen - Variant 040,Box,Finished Goods,96081019,18,423,2058.69
Cotton T-Shirt - Variant 041,Pack,Finished Goods,61091000,5,427,1677.7
Cotton T-Shirt - Variant 042,Pcs,Finished Goods,61091000,5,20,1776.79
Bedsheet Double - Variant 043,Nos,Finished Goods,63041930,12,276,430.31
Bedsheet Double - Variant 044,Set,Finished Goods,63041930,12,262,1820.21
Yoga Mat - Variant 045,Box,Finished Goods,39181090,18,182,2356.96
Face Wash - Variant 046,Pack,Finished Goods,34013090,18,55,840.36
Turmeric Powder - Variant 047,Box,Finished Goods,09103020,5,63,1994.12
Turmeric Powder - Variant 048,Pack,Finished Goods,09103020,5,228,2207.94
Steel Water Bottle - Variant 049,Pack,Finished Goods,73239390,18,461,1748.78
Leather Wallet - Variant 050,Nos,Finished Goods,42021190,18,352,2828.98
Face Wash - Variant 051,Pcs,Finished Goods,34013090,18,299,2668.28
Extension Board - Variant 052,Set,Finished Goods,85366990,18,127,1388.59
Bedsheet Double - Variant 053,Pcs,Finished Goods,63041930,12,212,1318.46
Hand Sanitizer - Variant 054,Pack,Finished Goods,38089400,18,202,2393.69
Bedsheet Double - Variant 055,Nos,Finished Goods,63041930,12,197,932.63
Hand Sanitizer - Variant 056,Nos,Finished Goods,38089400,18,392,2062.58
Bedsheet Double - Variant 057,Box,Finished Goods,63041930,12,433,138.85
Basmati Rice 5kg - Variant 058,Pcs,Finished Goods,10063020,5,85,210.48
Cotton T-Shirt - Variant 059,Pcs,Finished Goods,61091000,5,220,306.22
Bedsheet Double - Variant 060,Pcs,Finished Goods,63041930,12,341,1061.82
Ceramic Mug - Variant 061,Box,Finished Goods,69120010,12,395,1132.78
Denim Jeans - Variant 062,Pack,Finished Goods,62034200,12,158,1968.2
Ball Pen - Variant 063,Pcs,Finished Goods,96081019,18,446,1312.35
Almonds 500g - Variant 064,Set,Finished Goods,08021200,12,227,1719.09
Turmeric Powder - Variant 065,Box,Finished Goods,09103020,5,103,2381.99
LED Bulb 9W - Variant 066,Box,Finished Goods,85395000,12,409,2794.18
Hand Sanitizer - Variant 067,Kg,Finished Goods,38089400,18,130,1224.53
Ceramic Mug - Variant 068,Nos,Finished Goods,69120010,12,459,313.35
Turmeric Powder - Variant 069,Pack,Finished Goods,09103020,5,224,2209.13
Hand Sanitizer - Variant 070,Pack,Finished Goods,38089400,18,339,173.85
Extension Board - Variant 071,Nos,Finished Goods,85366990,18,17,1813.63
Almonds 500g - Variant 072,Pack,Finished Goods,08021200,12,65,439.07
Almonds 500g - Variant 073,Box,Finished Goods,08021200,12,109,1091.27
Denim Jeans - Variant 074,Set,Finished Goods,62034200,12,408,2310.16
Basmati Rice 5kg - Variant 075,Pcs,Finished Goods,10063020,5,488,1680.42
Ball Pen - Variant 076,Nos,Finished Goods,96081019,18,6,2085.57
LED Bulb 9W - Variant 077,Set,Finished Goods,85395000,12,357,1735.57
Bedsheet Double - Variant 078,Nos,Finished Goods,63041930,12,479,1788.71
Wall Clock - Variant 079,Pcs,Finished Goods,91051900,18,212,2449.08
Notebook A5 - Variant 080,Pcs,Finished Goods,48201010,12,371,1654.31
Turmeric Powder - Variant 081,Kg,Finished Goods,09103020,5,13,1050.85
Almonds 500g - Variant 082,Box,Finished Goods,08021200,12,45,832.91
Wall Clock - Variant 083,Nos,Finished Goods,91051900,18,91,2214.61
Leather Wallet - Variant 084,Kg,Finished Goods,42021190,18,395,29.62
Almonds 500g - Variant 085,Pcs,Finished Goods,08021200,12,1,196.49
Basmati Rice 5kg - Variant 086,Nos,Finished Goods,10063020,5,313,824.17
Steel Water Bottle - Variant 087,Box,Finished Goods,73239390,18,406,2722.64
LED Bulb 9W - Variant 088,Pack,Finished Goods,85395000,12,239,2508.53
Almonds 500g - Variant 089,Pack,Finished Goods,08021200,12,47,2854.1
Steel Water Bottle - Variant 090,Nos,Finished Goods,73239390,18,384,304.83
Bedsheet Double - Variant 091,Nos,Finished Goods,63041930,12,173,511.87
USB Cable - Variant 092,Kg,Finished Goods,85444299,18,336,113.89
Bedsheet Double - Variant 093,Nos,Finished Goods,63041930,12,200,2726.94
Yoga Mat - Variant 094,Box,Finished Goods,39181090,18,110,344.46
Basmati Rice 5kg - Variant 095,Pack,Finished Goods,10063020,5,360,2478.6
Bedsheet Double - Variant 096,Kg,Finished Goods,63041930,12,448,653.15
Yoga Mat - Variant 097,Box,Finished Goods,39181090,18,103,2498.95
Wall Clock - Variant 098,Kg,Finished Goods,91051900,18,378,29.8
Steel Water Bottle - Variant 099,Pack,Finished Goods,73239390,18,205,125.07
Bluetooth Speaker - Variant 100,Set,Finished Goods,85182200,18,105,2553.41
Leather Wallet - Variant 101,Box,Finished Goods,42021190,18,196,1543.38
Notebook A5 - Variant 102,Box,Finished Goods,48201010,12,448,949.68
Leather Wallet - Variant 103,Nos,Finished Goods,42021190,18,99,1685.47
Basmati Rice 5kg - Variant 104,Set,Finished Goods,10063020,5,5,2070.15
Denim Jeans - Variant 105,Set,Finished Goods,62034200,12,225,2462.46
Face Wash - Variant 106,Pack,Finished Goods,34013090,18,141,2900.64
Ball Pen - Variant 107,Box,Finished Goods,96081019,18,413,1321.57
USB Cable - Variant 108,Set,Finished Goods,85444299,18,128,114.81
LED Bulb 9W - Variant 109,Box,Finished Goods,85395000,12,488,1465.01
USB Cable - Variant 110,Kg,Finished Goods,85444299,18,473,1883.57
Almonds 500g - Variant 111,Kg,Finished Goods,08021200,12,405,435.14
Ceramic Mug - Variant 112,Pcs,Finished Goods,69120010,12,73,1849.61
Wall Clock - Variant 113,Kg,Finished Goods,91051900,18,290,2038.93
Turmeric Powder - Variant 114,Kg,Finished Goods,09103020,5,417,1321.08
Yoga Mat - Variant 115,Kg,Finished Goods,39181090,18,86,2472.69
Leather Wallet - Variant 116,Kg,Finished Goods,42021190,18,21,1218.82
Face Wash - Variant 117,Nos,Finished Goods,34013090,18,109,405.0
Almonds 500g - Variant 118,Pcs,Finished Goods,08021200,12,453,2563.63
Denim Jeans - Variant 119,Kg,Finished Goods,62034200,12,54,434.01
Face Wash - Variant 120,Nos,Finished Goods,34013090,18,468,2530.54
Wall Clock - Variant 121,Box,Finished Goods,91051900,18,112,1330.74
Ceramic Mug - Variant 122,Nos,Finished Goods,69120010,12,233,2308.36
Steel Water Bottle - Variant 123,Box,Finished Goods,73239390,18,112,2826.3
LED Bulb 9W - Variant 124,Set,Finished Goods,85395000,12,330,2208.41
Cotton T-Shirt - Variant 125,Box,Finished Goods,61091000,5,181,2628.61
Ball Pen - Variant 126,Box,Finished Goods,96081019,18,321,2264.02
Face Wash - Variant 127,Set,Finished Goods,34013090,18,150,2073.97
Turmeric Powder - Variant 128,Box,Finished Goods,09103020,5,81,2536.03
Hand Sanitizer - Variant 129,Kg,Finished Goods,38089400,18,70,1130.68
Bedsheet Double - Variant 130,Nos,Finished Goods,63041930,12,195,752.79
Ceramic Mug - Variant 131,Set,Finished Goods,69120010,12,409,458.2
Hand Sanitizer - Variant 132,Pack,Finished Goods,38089400,18,255,2987.82
Hand Sanitizer - Variant 133,Nos,Finished Goods,38089400,18,111,2694.95
Face Wash - Variant 134,Pack,Finished Goods,34013090,18,234,1628.7
Bluetooth Speaker - Variant 135,Pcs,Finished Goods,85182200,18,188,34.52
Leather Wallet - Variant 136,Pack,Finished Goods,42021190,18,464,1424.55
Ceramic Mug - Variant 137,Pack,Finished Goods,69120010,12,289,628.93
Face Wash - Variant 138,Kg,Finished Goods,34013090,18,277,2970.76
USB Cable - Variant 139,Pack,Finished Goods,85444299,18,216,1043.22
Wall Clock - Variant 140,Nos,Finished Goods,91051900,18,102,2348.97
LED Bulb 9W - Variant 141,Pcs,Finished Goods,85395000,12,128,2200.8
Steel Water Bottle - Variant 142,Pcs,Finished Goods,73239390,18,280,2140.15
Steel Water Bottle - Variant 143,Pcs,Finished Goods,73239390,18,14,1242.0
Turmeric Powder - Variant 144,Set,Finished Goods,09103020,5,252,2491.47
Extension Board - Variant 145,Pcs,Finished Goods,85366990,18,105,2754.26
Leather Wallet - Variant 146,Kg,Finished Goods,42021190,18,403,207.51
Basmati Rice 5kg - Variant 147,Pcs,Finished Goods,10063020,5,458,1323.17
Ball Pen - Variant 148,Box,Finished Goods,96081019,18,190,443.36
USB Cable - Variant 149,Nos,Finished Goods,85444299,18,419,396.31
Bluetooth Speaker - Variant 150,Set,Finished Goods,85182200,18,255,836.9
Notebook A5 - Variant 151,Kg,Finished Goods,48201010,12,96,2199.86
Wall Clock - Variant 152,Box,Finished Goods,91051900,18,178,2158.83
Bedsheet Double - Variant 153,Kg,Finished Goods,63041930,12,175,2748.87
Ceramic Mug - Variant 154,Pack,Finished Goods,69120010,12,173,2729.53
Hand Sanitizer - Variant 155,Nos,Finished Goods,38089400,18,478,1878.19
Yoga Mat - Variant 156,Box,Finished Goods,39181090,18,259,2894.13
Basmati Rice 5kg - Variant 157,Nos,Finished Goods,10063020,5,78,1482.7
Almonds 500g - Variant 158,Pack,Finished Goods,08021200,12,0,1638.57
Yoga Mat - Variant 159,Kg,Finished Goods,39181090,18,400,1529.49
Denim Jeans - Variant 160,Nos,Finished Goods,62034200,12,177,2553.79
Cotton T-Shirt - Variant 161,Box,Finished Goods,61091000,5,181,1283.0
Face Wash - Variant 162,Set,Finished Goods,34013090,18,394,1549.18
Green Tea - Variant 163,Pcs,Finished Goods,09102090,18,392,2879.57
Hand Sanitizer - Variant 164,Kg,Finished Goods,38089400,18,346,886.05
Steel Water Bottle - Variant 165,Kg,Finished Goods,73239390,18,459,1478.56
USB Cable - Variant 166,Nos,Finished Goods,85444299,18,62,161.44
Bluetooth Speaker - Variant 167,Nos,Finished Goods,85182200,18,120,2940.7
Bedsheet Double - Variant 168,Kg,Finished Goods,63041930,12,378,1794.57
Green Tea - Variant 169,Pcs,Finished Goods,09102090,18,471,2545.95
USB Cable - Variant 170,Box,Finished Goods,85444299,18,401,1286.24
Hand Sanitizer - Variant 171,Nos,Finished Goods,38089400,18,217,828.2
USB Cable - Variant 172,Nos,Finished Goods,85444299,18,372,239.57
Bedsheet Double - Variant 173,Box,Finished Goods,63041930,12,61,539.71
Denim Jeans - Variant 174,Pcs,Finished Goods,62034200,12,175,1687.43
Green Tea - Variant 175,Kg,Finished Goods,09102090,18,161,1718.2
Steel Water Bottle - Variant 176,Pack,Finished Goods,73239390,18,40,1978.76
Extension Board - Variant 177,Nos,Finished Goods,85366990,18,86,863.06
Denim Jeans - Variant 178,Box,Finished Goods,62034200,12,376,1420.28
Wall Clock - Variant 179,Pcs,Finished Goods,91051900,18,290,2033.66
Turmeric Powder - Variant 180,Set,Finished Goods,09103020,5,131,2999.5
Bedsheet Double - Variant 181,Set,Finished Goods,63041930,12,425,2627.62
Notebook A5 - Variant 182,Kg,Finished Goods,48201010,12,136,594.7
Ball Pen - Variant 183,Pack,Finished Goods,96081019,18,335,731.71
Wall Clock - Variant 184,Nos,Finished Goods,91051900,18,229,2822.69
Yoga Mat - Variant 185,Nos,Finished Goods,39181090,18,212,1280.76
Cotton T-Shirt - Variant 186,Set,Finished Goods,61091000,5,108,73.66
Green Tea - Variant 187,Set,Finished Goods,09102090,18,178,2764.48
Cotton T-Shirt - Variant 188,Pcs,Finished Goods,61091000,5,15,218.41
Notebook A5 - Variant 189,Pack,Finished Goods,48201010,12,431,526.9
Ball Pen - Variant 190,Kg,Finished Goods,96081019,18,489,2235.32
Notebook A5 - Variant 191,Pack,Finished Goods,48201010,12,52,512.22
LED Bulb 9W - Variant 192,Kg,Finished Goods,85395000,12,275,981.46
Turmeric Powder - Variant 193,Kg,Finished Goods,09103020,5,71,2354.97
Yoga Mat - Variant 194,Set,Finished Goods,39181090,18,268,2376.91
Bluetooth Speaker - Variant 195,Kg,Finished Goods,85182200,18,450,2374.18
Notebook A5 - Variant 196,Pcs,Finished Goods,48201010,12,454,1333.04
Basmati Rice 5kg - Variant 197,Pcs,Finished Goods,10063020,5,436,1959.11
Steel Water Bottle - Variant 198,Set,Finished Goods,73239390,18,182,2088.92
Bedsheet Double - Variant 199,Nos,Finished Goods,63041930,12,473,2008.6
Ceramic Mug - Variant 200,Kg,Finished Goods,69120010,12,279,1337.81
Ceramic Mug - Variant 201,Pcs,Finished Goods,69120010,12,265,2625.52
Turmeric Powder - Variant 202,Kg,Finished Goods,09103020,5,181,1492.68
Basmati Rice 5kg - Variant 203,Nos,Finished Goods,10063020,5,4,447.57
Almonds 500g - Variant 204,Box,Finished Goods,08021200,12,324,966.64
Denim Jeans - Variant 205,Pack,Finished Goods,62034200,12,67,371.56
LED Bulb 9W - Variant 206,Set,Finished Goods,85395000,12,27,723.77
USB Cable - Variant 207,Nos,Finished Goods,85444299,18,57,76.45
Green Tea - Variant 208,Pcs,Finished Goods,09102090,18,295,478.02
Cotton T-Shirt - Variant 209,Nos,Finished Goods,61091000,5,134,1332.08
Bedsheet Double - Variant 210,Set,Finished Goods,63041930,12,5,339.85
Bluetooth Speaker - Variant 211,Box,Finished Goods,85182200,18,304,2357.7
Bedsheet Double - Variant 212,Set,Finished Goods,63041930,12,443,194.26
Almonds 500g - Variant 213,Box,Finished Goods,08021200,12,484,1562.45
Leather Wallet - Variant 214,Box,Finished Goods,42021190,18,473,2738.91
Notebook A5 - Variant 215,Nos,Finished Goods,48201010,12,324,1442.36
Notebook A5 - Variant 216,Kg,Finished Goods,48201010,12,111,1420.72
LED Bulb 9W - Variant 217,Box,Finished Goods,85395000,12,215,1276.9
Leather Wallet - Variant 218,Pack,Finished Goods,42021190,18,144,2861.85
Steel Water Bottle - Variant 219,Box,Finished Goods,73239390,18,397,1280.35
Cotton T-Shirt - Variant 220,Kg,Finished Goods,61091000,5,382,894.89
Cotton T-Shirt - Variant 221,Kg,Finished Goods,61091000,5,199,1943.6
LED Bulb 9W - Variant 222,Box,Finished Goods,85395000,12,280,800.17
Basmati Rice 5kg - Variant 223,Kg,Finished Goods,10063020,5,152,327.89
Bedsheet Double - Variant 224,Pcs,Finished Goods,63041930,12,80,1710.35
Yoga Mat - Variant 225,Box,Finished Goods,39181090,18,255,2901.81
USB Cable - Variant 226,Box,Finished Goods,85444299,18,67,1988.48
Ceramic Mug - Variant 227,Set,Finished Goods,69120010,12,23,1601.18
Cotton T-Shirt - Variant 228,Nos,Finished Goods,61091000,5,199,1753.59
Cotton T-Shirt - Variant 229,Box,Finished Goods,61091000,5,64,210.03
Bedsheet Double - Variant 230,Box,Finished Goods,63041930,12,345,215.56
Notebook A5 - Variant 231,Nos,Finished Goods,48201010,12,161,774.61
Wall Clock - Variant 232,Pack,Finished Goods,91051900,18,146,634.24
Bedsheet Double - Variant 233,Pcs,Finished Goods,63041930,12,172,716.04
Steel Water Bottle - Variant 234,Nos,Finished Goods,73239390,18,223,2405.11
Cotton T-Shirt - Variant 235,Pcs,Finished Goods,61091000,5,342,777.24
Wall Clock - Variant 236,Pcs,Finished Goods,91051900,18,153,1800.02
LED Bulb 9W - Variant 237,Pcs,Finished Goods,85395000,12,229,1363.7
Basmati Rice 5kg - Variant 238,Nos,Finished Goods,10063020,5,206,191.72
Almonds 500g - Variant 239,Box,Finished Goods,08021200,12,23,283.31
Denim Jeans - Variant 240,Pcs,Finished Goods,62034200,12,496,2974.35
Green Tea - Variant 241,Kg,Finished Goods,09102090,18,14,2357.71
USB Cable - Variant 242,Pack,Finished Goods,85444299,18,374,459.27
Wall Clock - Variant 243,Set,Finished Goods,91051900,18,322,980.47
Wall Clock - Variant 244,Nos,Finished Goods,91051900,18,314,1985.26
Bedsheet Double - Variant 245,Pcs,Finished Goods,63041930,12,316,1739.04
Bedsheet Double - Variant 246,Pcs,Finished Goods,63041930,12,376,1920.69
Extension Board - Variant 247,Pcs,Finished Goods,85366990,18,293,1085.06
Almonds 500g - Variant 248,Pcs,Finished Goods,08021200,12,128,778.69
Face Wash - Variant 249,Nos,Finished Goods,34013090,18,63,2376.48
Steel Water Bottle - Variant 250,Kg,Finished Goods,73239390,18,254,197.96
Notebook A5 - Variant 251,Box,Finished Goods,48201010,12,141,984.63
USB Cable - Variant 252,Pack,Finished Goods,85444299,18,68,2573.89
Yoga Mat - Variant 253,Pcs,Finished Goods,39181090,18,164,579.55
Almonds 500g - Variant 254,Set,Finished Goods,08021200,12,36,320.63
Wall Clock - Variant 255,Box,Finished Goods,91051900,18,442,1499.58
Green Tea - Variant 256,Nos,Finished Goods,09102090,18,278,421.95
Ball Pen - Variant 257,Box,Finished Goods,96081019,18,350,1793.93
Yoga Mat - Variant 258,Set,Finished Goods,39181090,18,193,1892.82
Turmeric Powder - Variant 259,Pack,Finished Goods,09103020,5,64,479.26
Denim Jeans - Variant 260,Nos,Finished Goods,62034200,12,328,222.22
Almonds 500g - Variant 261,Set,Finished Goods,08021200,12,18,1785.02
Ceramic Mug - Variant 262,Box,Finished Goods,69120010,12,126,2698.38
Wall Clock - Variant 263,Kg,Finished Goods,91051900,18,317,2032.62
Steel Water Bottle - Variant 264,Box,Finished Goods,73239390,18,283,2441.83
Almonds 500g - Variant 265,Pcs,Finished Goods,08021200,12,383,197.41
Denim Jeans - Variant 266,Kg,Finished Goods,62034200,12,407,1060.47
Face Wash - Variant 267,Kg,Finished Goods,34013090,18,382,2009.32
Bluetooth Speaker - Variant 268,Nos,Finished Goods,85182200,18,312,1264.88
Notebook A5 - Variant 269,Pcs,Finished Goods,48201010,12,375,949.42
Extension Board - Variant 270,Pack,Finished Goods,85366990,18,349,1881.21
Leather Wallet - Variant 271,Nos,Finished Goods,42021190,18,284,2630.59
Denim Jeans - Variant 272,Nos,Finished Goods,62034200,12,322,1285.01
Basmati Rice 5kg - Variant 273,Pack,Finished Goods,10063020,5,234,2647.24
Ceramic Mug - Variant 274,Nos,Finished Goods,69120010,12,404,2920.28
Turmeric Powder - Variant 275,Box,Finished Goods,09103020,5,93,313.61
LED Bulb 9W - Variant 276,Nos,Finished Goods,85395000,12,266,2809.09
Bedsheet Double - Variant 277,Nos,Finished Goods,63041930,12,385,851.99
LED Bulb 9W - Variant 278,Pcs,Finished Goods,85395000,12,11,2682.58
Face Wash - Variant 279,Kg,Finished Goods,34013090,18,377,2775.09
USB Cable - Variant 280,Pcs,Finished Goods,85444299,18,244,271.56
Notebook A5 - Variant 281,Nos,Finished Goods,48201010,12,118,233.82
Green Tea - Variant 282,Set,Finished Goods,09102090,18,237,1497.81
LED Bulb 9W - Variant 283,Nos,Finished Goods,85395000,12,406,1525.74
Notebook A5 - Variant 284,Box,Finished Goods,48201010,12,321,505.83
Ceramic Mug - Variant 285,Set,Finished Goods,69120010,12,469,745.1
Turmeric Powder - Variant 286,Set,Finished Goods,09103020,5,104,1838.33
Almonds 500g - Variant 287,Kg,Finished Goods,08021200,12,486,497.95
Basmati Rice 5kg - Variant 288,Kg,Finished Goods,10063020,5,196,784.64
Ball Pen - Variant 289,Pack,Finished Goods,96081019,18,139,2541.41
Ceramic Mug - Variant 290,Kg,Finished Goods,69120010,12,93,510.96
Cotton T-Shirt - Variant 291,Pack,Finished Goods,61091000,5,67,1466.08
Basmati Rice 5kg - Variant 292,Set,Finished Goods,10063020,5,277,758.08
Bluetooth Speaker - Variant 293,Kg,Finished Goods,85182200,18,63,2991.27
USB Cable - Variant 294,Kg,Finished Goods,85444299,18,32,962.92
Cotton T-Shirt - Variant 295,Pack,Finished Goods,61091000,5,474,53.38
Wall Clock - Variant 296,Set,Finished Goods,91051900,18,221,2728.81
Bluetooth Speaker - Variant 297,Box,Finished Goods,85182200,18,172,1168.15
Extension Board - Variant 298,Set,Finished Goods,85366990,18,98,1459.61
Ceramic Mug - Variant 299,Pcs,Finished Goods,69120010,12,332,2803.73
Extension Board - Variant 300,Box,Finished Goods,85366990,18,18,2916.4
Hand Sanitizer - Variant 301,Pcs,Finished Goods,38089400,18,166,1251.16
Hand Sanitizer - Variant 302,Kg,Finished Goods,38089400,18,16,1651.74
Bluetooth Speaker - Variant 303,Kg,Finished Goods,85182200,18,382,471.66
Ball Pen - Variant 304,Nos,Finished Goods,96081019,18,102,2448.76
Ball Pen - Variant 305,Set,Finished Goods,96081019,18,400,2632.82
Cotton T-Shirt - Variant 306,Kg,Finished Goods,61091000,5,151,2964.83
Ceramic Mug - Variant 307,Kg,Finished Goods,69120010,12,265,423.17
Face Wash - Variant 308,Pcs,Finished Goods,34013090,18,76,2491.75
Extension Board - Variant 309,Set,Finished Goods,85366990,18,419,2420.66
Steel Water Bottle - Variant 310,Set,Finished Goods,73239390,18,368,1384.06
Steel Water Bottle - Variant 311,Nos,Finished Goods,73239390,18,169,2637.98
Bedsheet Double - Variant 312,Pcs,Finished Goods,63041930,12,134,655.16
Turmeric Powder - Variant 313,Box,Finished Goods,09103020,5,189,1486.4
Denim Jeans - Variant 314,Kg,Finished Goods,62034200,12,26,2186.34
Leather Wallet - Variant 315,Box,Finished Goods,42021190,18,132,455.71
Yoga Mat - Variant 316,Set,Finished Goods,39181090,18,89,2612.26
Turmeric Powder - Variant 317,Pcs,Finished Goods,09103020,5,64,1790.71
Basmati Rice 5kg - Variant 318,Kg,Finished Goods,10063020,5,138,1481.39
Ceramic Mug - Variant 319,Pack,Finished Goods,69120010,12,367,2847.23
Wall Clock - Variant 320,Set,Finished Goods,91051900,18,390,2003.88
Bedsheet Double - Variant 321,Nos,Finished Goods,63041930,12,278,1293.99
Almonds 500g - Variant 322,Box,Finished Goods,08021200,12,389,100.13
Yoga Mat - Variant 323,Pcs,Finished Goods,39181090,18,424,2435.66
Notebook A5 - Variant 324,Set,Finished Goods,48201010,12,409,2413.82
Notebook A5 - Variant 325,Set,Finished Goods,48201010,12,408,2356.83
Extension Board - Variant 326,Nos,Finished Goods,85366990,18,46,1069.97
Ceramic Mug - Variant 327,Box,Finished Goods,69120010,12,259,726.72
Denim Jeans - Variant 328,Kg,Finished Goods,62034200,12,358,515.62
Denim Jeans - Variant 329,Pcs,Finished Goods,62034200,12,411,199.36
Bluetooth Speaker - Variant 330,Set,Finished Goods,85182200,18,99,142.26
Yoga Mat - Variant 331,Pcs,Finished Goods,39181090,18,495,2123.62
LED Bulb 9W - Variant 332,Set,Finished Goods,85395000,12,413,474.85
USB Cable - Variant 333,Kg,Finished Goods,85444299,18,385,2853.24
Bedsheet Double - Variant 334,Pack,Finished Goods,63041930,12,323,2652.67
Bedsheet Double - Variant 335,Kg,Finished Goods,63041930,12,179,1266.71
Turmeric Powder - Variant 336,Pcs,Finished Goods,09103020,5,275,674.96
Ceramic Mug - Variant 337,Box,Finished Goods,69120010,12,273,668.43
Turmeric Powder - Variant 338,Pack,Finished Goods,09103020,5,338,616.0
Notebook A5 - Variant 339,Set,Finished Goods,48201010,12,66,265.15
Notebook A5 - Variant 340,Box,Finished Goods,48201010,12,81,1900.81
Turmeric Powder - Variant 341,Box,Finished Goods,09103020,5,36,1625.44
Basmati Rice 5kg - Variant 342,Pcs,Finished Goods,10063020,5,373,2044.86
Steel Water Bottle - Variant 343,Kg,Finished Goods,73239390,18,497,112.91
Bedsheet Double - Variant 344,Nos,Finished Goods,63041930,12,450,998.21
Bedsheet Double - Variant 345,Pack,Finished Goods,63041930,12,292,2809.91
Extension Board - Variant 346,Pack,Finished Goods,85366990,18,243,1624.78
Hand Sanitizer - Variant 347,Kg,Finished Goods,38089400,18,274,2620.97
Bluetooth Speaker - Variant 348,Kg,Finished Goods,85182200,18,299,2619.37
Leather Wallet - Variant 349,Set,Finished Goods,42021190,18,325,1953.6
LED Bulb 9W - Variant 350,Kg,Finished Goods,85395000,12,219,1736.51
Basmati Rice 5kg - Variant 351,Nos,Finished Goods,10063020,5,147,2002.63
Ceramic Mug - Variant 352,Set,Finished Goods,69120010,12,329,1223.94
Extension Board - Variant 353,Box,Finished Goods,85366990,18,115,2197.74
Cotton T-Shirt - Variant 354,Kg,Finished Goods,61091000,5,167,983.89
Basmati Rice 5kg - Variant 355,Nos,Finished Goods,10063020,5,455,788.86
Notebook A5 - Variant 356,Pcs,Finished Goods,48201010,12,403,2974.77
USB Cable - Variant 357,Pcs,Finished Goods,85444299,18,389,2727.79
Yoga Mat - Variant 358,Box,Finished Goods,39181090,18,469,1842.51
Notebook A5 - Variant 359,Nos,Finished Goods,48201010,12,69,320.49
Notebook A5 - Variant 360,Pcs,Finished Goods,48201010,12,25,1450.24
Green Tea - Variant 361,Kg,Finished Goods,09102090,18,404,1932.21
Green Tea - Variant 362,Box,Finished Goods,09102090,18,5,1495.68
Face Wash - Variant 363,Pcs,Finished Goods,34013090,18,178,337.8
Basmati Rice 5kg - Variant 364,Kg,Finished Goods,10063020,5,45,1687.68
Wall Clock - Variant 365,Box,Finished Goods,91051900,18,11,1819.79
Bedsheet Double - Variant 366,Pack,Finished Goods,63041930,12,215,125.1
Ball Pen - Variant 367,Pcs,Finished Goods,96081019,18,354,2477.4
Notebook A5 - Variant 368,Kg,Finished Goods,48201010,12,370,2819.35
Bluetooth Speaker - Variant 369,Kg,Finished Goods,85182200,18,40,895.54
Face Wash - Variant 370,Pcs,Finished Goods,34013090,18,52,2595.09
Basmati Rice 5kg - Variant 371,Pack,Finished Goods,10063020,5,225,507.15
Ball Pen - Variant 372,Box,Finished Goods,96081019,18,120,2517.87
Yoga Mat - Variant 373,Box,Finished Goods,39181090,18,10,2815.12
Hand Sanitizer - Variant 374,Pcs,Finished Goods,38089400,18,376,2414.19
Extension Board - Variant 375,Pcs,Finished Goods,85366990,18,266,669.84
Notebook A5 - Variant 376,Set,Finished Goods,48201010,12,459,1494.04
Denim Jeans - Variant 377,Kg,Finished Goods,62034200,12,250,1221.84
Cotton T-Shirt - Variant 378,Set,Finished Goods,61091000,5,145,2550.1
Denim Jeans - Variant 379,Nos,Finished Goods,62034200,12,141,1264.04
Notebook A5 - Variant 380,Nos,Finished Goods,48201010,12,488,526.0
Leather Wallet - Variant 381,Pack,Finished Goods,42021190,18,251,1708.11
Extension Board - Variant 382,Kg,Finished Goods,85366990,18,237,2767.78
Face Wash - Variant 383,Kg,Finished Goods,34013090,18,452,2277.01
Green Tea - Variant 384,Kg,Finished Goods,09102090,18,470,1223.38
Ceramic Mug - Variant 385,Pack,Finished Goods,69120010,12,39,2582.98
Basmati Rice 5kg - Variant 386,Box,Finished Goods,10063020,5,278,729.15
Basmati Rice 5kg - Variant 387,Set,Finished Goods,10063020,5,343,2746.79
Steel Water Bottle - Variant 388,Set,Finished Goods,73239390,18,316,2195.54
Cotton T-Shirt - Variant 389,Pack,Finished Goods,61091000,5,158,2909.86
Extension Board - Variant 390,Nos,Finished Goods,85366990,18,297,2788.77
Extension Board - Variant 391,Box,Finished Goods,85366990,18,205,2774.5
Denim Jeans - Variant 392,Set,Finished Goods,62034200,12,368,1859.48
Notebook A5 - Variant 393,Box,Finished Goods,48201010,12,17,74.02
Extension Board - Variant 394,Pcs,Finished Goods,85366990,18,285,1502.26
Cotton T-Shirt - Variant 395,Box,Finished Goods,61091000,5,319,1544.39
USB Cable - Variant 396,Pcs,Finished Goods,85444299,18,50,828.03
Extension Board - Variant 397,Set,Finished Goods,85366990,18,443,95.67
Ceramic Mug - Variant 398,Nos,Finished Goods,69120010,12,203,1287.13
Basmati Rice 5kg - Variant 399,Set,Finished Goods,10063020,5,314,2515.79
Steel Water Bottle - Variant 400,Pcs,Finished Goods,73239390,18,68,1138.49
Face Wash - Variant 401,Pcs,Finished Goods,34013090,18,191,1165.39
Almonds 500g - Variant 402,Pack,Finished Goods,08021200,12,461,1003.48
Green Tea - Variant 403,Kg,Finished Goods,09102090,18,117,1864.68
Cotton T-Shirt - Variant 404,Set,Finished Goods,61091000,5,375,1088.78
Notebook A5 - Variant 405,Box,Finished Goods,48201010,12,353,2461.46
Wall Clock - Variant 406,Kg,Finished Goods,91051900,18,108,724.23
Bedsheet Double - Variant 407,Set,Finished Goods,63041930,12,406,1198.47
Face Wash - Variant 408,Kg,Finished Goods,34013090,18,150,2465.53
Bluetooth Speaker - Variant 409,Pcs,Finished Goods,85182200,18,433,335.09
Bedsheet Double - Variant 410,Box,Finished Goods,63041930,12,369,309.21
Ball Pen - Variant 411,Pack,Finished Goods,96081019,18,144,1553.44
Cotton T-Shirt - Variant 412,Pcs,Finished Goods,61091000,5,450,924.0
Bluetooth Speaker - Variant 413,Pack,Finished Goods,85182200,18,40,2645.19
LED Bulb 9W - Variant 414,Box,Finished Goods,85395000,12,325,887.29
Bluetooth Speaker - Variant 415,Pack,Finished Goods,85182200,18,215,22.09
Face Wash - Variant 416,Box,Finished Goods,34013090,18,453,460.12
Face Wash - Variant 417,Pack,Finished Goods,34013090,18,378,1226.95
Extension Board - Variant 418,Set,Finished Goods,85366990,18,284,2702.41
Ceramic Mug - Variant 419,Nos,Finished Goods,69120010,12,417,977.97
Ceramic Mug - Variant 420,Pcs,Finished Goods,69120010,12,174,2893.75
Cotton T-Shirt - Variant 421,Box,Finished Goods,61091000,5,6,564.44
Steel Water Bottle - Variant 422,Nos,Finished Goods,73239390,18,211,1800.25
Cotton T-Shirt - Variant 423,Kg,Finished Goods,61091000,5,125,910.35
Wall Clock - Variant 424,Box,Finished Goods,91051900,18,379,2405.3
Cotton T-Shirt - Variant 425,Box,Finished Goods,61091000,5,462,1619.74
Face Wash - Variant 426,Pack,Finished Goods,34013090,18,113,1104.13
Leather Wallet - Variant 427,Pack,Finished Goods,42021190,18,112,708.69
Extension Board - Variant 428,Pack,Finished Goods,85366990,18,20,249.04
Turmeric Powder - Variant 429,Kg,Finished Goods,09103020,5,377,107.55
Almonds 500g - Variant 430,Pack,Finished Goods,08021200,12,488,1183.0
Hand Sanitizer - Variant 431,Set,Finished Goods,38089400,18,278,2875.61
Face Wash - Variant 432,Pack,Finished Goods,34013090,18,168,1801.95
Wall Clock - Variant 433,Pcs,Finished Goods,91051900,18,66,1070.0
USB Cable - Variant 434,Set,Finished Goods,85444299,18,381,1631.11
Cotton T-Shirt - Variant 435,Nos,Finished Goods,61091000,5,197,2779.12
Face Wash - Variant 436,Set,Finished Goods,34013090,18,238,1385.59
Ceramic Mug - Variant 437,Set,Finished Goods,69120010,12,48,2474.6
Hand Sanitizer - Variant 438,Kg,Finished Goods,38089400,18,310,324.91
Ceramic Mug - Variant 439,Nos,Finished Goods,69120010,12,260,2782.73
Wall Clock - Variant 440,Set,Finished Goods,91051900,18,428,1499.07
Steel Water Bottle - Variant 441,Pcs,Finished Goods,73239390,18,183,741.18
Almonds 500g - Variant 442,Set,Finished Goods,08021200,12,334,735.87
Turmeric Powder - Variant 443,Pack,Finished Goods,09103020,5,233,1113.55
Face Wash - Variant 444,Box,Finished Goods,34013090,18,18,372.17
Denim Jeans - Variant 445,Pack,Finished Goods,62034200,12,437,1254.92
Yoga Mat - Variant 446,Set,Finished Goods,39181090,18,474,2395.99
Extension Board - Variant 447,Nos,Finished Goods,85366990,18,328,2887.54
USB Cable - Variant 448,Box,Finished Goods,85444299,18,291,737.6
USB Cable - Variant 449,Set,Finished Goods,85444299,18,159,1605.19
Denim Jeans - Variant 450,Nos,Finished Goods,62034200,12,99,1712.91
Extension Board - Variant 451,Box,Finished Goods,85366990,18,473,716.12
Extension Board - Variant 452,Set,Finished Goods,85366990,18,439,1515.73
Hand Sanitizer - Variant 453,Pcs,Finished Goods,38089400,18,401,1252.07
Hand Sanitizer - Variant 454,Set,Finished Goods,38089400,18,55,2874.73
Almonds 500g - Variant 455,Pack,Finished Goods,08021200,12,346,539.72
Leather Wallet - Variant 456,Box,Finished Goods,42021190,18,158,1077.23
Turmeric Powder - Variant 457,Pack,Finished Goods,09103020,5,298,1448.95
Ceramic Mug - Variant 458,Set,Finished Goods,69120010,12,327,535.4
Bluetooth Speaker - Variant 459,Nos,Finished Goods,85182200,18,70,2742.65
Cotton T-Shirt - Variant 460,Box,Finished Goods,61091000,5,62,483.63
LED Bulb 9W - Variant 461,Nos,Finished Goods,85395000,12,427,288.52
Ceramic Mug - Variant 462,Pcs,Finished Goods,69120010,12,304,2287.25
Ball Pen - Variant 463,Kg,Finished Goods,96081019,18,36,124.76
Bedsheet Double - Variant 464,Pack,Finished Goods,63041930,12,41,2584.41
Cotton T-Shirt - Variant 465,Set,Finished Goods,61091000,5,186,162.81
Steel Water Bottle - Variant 466,Kg,Finished Goods,73239390,18,62,1161.8
Ceramic Mug - Variant 467,Kg,Finished Goods,69120010,12,384,263.13
Almonds 500g - Variant 468,Pack,Finished Goods,08021200,12,347,732.47
Ball Pen - Variant 469,Nos,Finished Goods,96081019,18,212,1942.35
LED Bulb 9W - Variant 470,Nos,Finished Goods,85395000,12,333,2711.5
Leather Wallet - Variant 471,Kg,Finished Goods,42021190,18,199,2606.12
Leather Wallet - Variant 472,Set,Finished Goods,42021190,18,427,860.96
Ceramic Mug - Variant 473,Pack,Finished Goods,69120010,12,239,1503.31
Bedsheet Double - Variant 474,Box,Finished Goods,63041930,12,255,1841.89
Basmati Rice 5kg - Variant 475,Nos,Finished Goods,10063020,5,132,1601.78
Yoga Mat - Variant 476,Set,Finished Goods,39181090,18,204,2882.65
Ball Pen - Variant 477,Box,Finished Goods,96081019,18,96,2106.04
Bluetooth Speaker - Variant 478,Box,Finished Goods,85182200,18,63,228.01
Denim Jeans - Variant 479,Pack,Finished Goods,62034200,12,397,2598.91
Wall Clock - Variant 480,Nos,Finished Goods,91051900,18,72,1379.51
Ceramic Mug - Variant 481,Nos,Finished Goods,69120010,12,362,1591.37
Ball Pen - Variant 482,Nos,Finished Goods,96081019,18,50,2629.61
Face Wash - Variant 483,Kg,Finished Goods,34013090,18,286,1194.98
Wall Clock - Variant 484,Box,Finished Goods,91051900,18,193,1247.03
Hand Sanitizer - Variant 485,Kg,Finished Goods,38089400,18,17,799.89
Almonds 500g - Variant 486,Box,Finished Goods,08021200,12,46,1399.85
Notebook A5 - Variant 487,Pcs,Finished Goods,48201010,12,484,1982.16
Ceramic Mug - Variant 488,Pcs,Finished Goods,69120010,12,216,1581.5
USB Cable - Variant 489,Box,Finished Goods,85444299,18,418,581.21
Extension Board - Variant 490,Kg,Finished Goods,85366990,18,216,2548.52
Bedsheet Double - Variant 491,Set,Finished Goods,63041930,12,132,136.97
Extension Board - Variant 492,Pcs,Finished Goods,85366990,18,401,2035.16
Almonds 500g - Variant 493,Nos,Finished Goods,08021200,12,25,2314.33
Turmeric Powder - Variant 494,Set,Finished Goods,09103020,5,52,2523.82
Leather Wallet - Variant 495,Pcs,Finished Goods,42021190,18,291,368.22
Steel Water Bottle - Variant 496,Pcs,Finished Goods,73239390,18,26,53.55
Hand Sanitizer - Variant 497,Nos,Finished Goods,38089400,18,262,902.47
Almonds 500g - Variant 498,Box,Finished Goods,08021200,12,171,856.94
Ceramic Mug - Variant 499,Kg,Finished Goods,69120010,12,417,2305.82
Almonds 500g - Variant 500,Box,Finished Goods,08021200,12,426,73.5
